Rk,Player,Pos,Age,Tm,G,GS,MP,FG,FGA,FG%,3P,3PA,3P%,2P,2PA,2P%,eFG%,FT,FTA,FT%,ORB,DRB,TRB,AST,STL,BLK,TOV,PF,PS/Gâ–¼
1,Stephen Curry,PG,27,GSW,79,79,34.2,10.2,20.2,0.504,5.1,11.2,0.454,5.1,9,0.566,0.63,4.6,5.1,0.908,0.9,4.6,5.4,6.7,2.1,0.2,3.3,2,30.1
2,James Harden,SG,26,HOU,82,82,38.1,8.7,19.7,0.439,2.9,8,0.359,5.8,11.7,0.494,0.512,8.8,10.2,0.86,0.8,5.3,6.1,7.5,1.7,0.6,4.6,2.8,29
3,Kevin Durant,SF,27,OKC,72,72,35.8,9.7,19.2,0.505,2.6,6.7,0.387,7.1,12.5,0.569,0.573,6.2,6.9,0.898,0.6,7.6,8.2,5,1,1.2,3.5,1.9,28.2
4,DeMarcus Cousins,C,25,SAC,65,65,34.6,9.2,20.5,0.451,1.1,3.2,0.333,8.2,17.3,0.473,0.477,7.3,10.2,0.718,2.4,9.1,11.5,3.3,1.6,1.4,3.8,3.6,26.9
5,LeBron James,SF,31,CLE,76,76,35.6,9.7,18.6,0.52,1.1,3.7,0.309,8.6,14.9,0.573,0.551,4.7,6.5,0.731,1.5,6,7.4,6.8,1.4,0.6,3.3,1.9,25.3
6,Damian Lillard,PG,25,POR,75,75,35.7,8.2,19.7,0.419,3.1,8.1,0.375,5.2,11.5,0.45,0.497,5.5,6.2,0.892,0.6,3.4,4,6.8,0.9,0.4,3.2,2.2,25.1
7,Anthony Davis,PF,22,NOP,61,61,35.5,9.2,18.6,0.493,0.6,1.8,0.324,8.6,16.9,0.511,0.508,5.3,7,0.758,2.1,8.1,10.3,1.9,1.3,2,2,2.4,24.3
8,DeMar DeRozan,SG,26,TOR,78,78,35.9,7.9,17.7,0.446,0.6,1.8,0.338,7.3,15.9,0.458,0.463,7.1,8.4,0.85,0.8,3.7,4.5,4,1,0.3,2.2,2.1,23.5
9,Russell Westbrook,PG,27,OKC,80,80,34.4,8.2,18.1,0.454,1.3,4.3,0.296,6.9,13.8,0.503,0.489,5.8,7.2,0.812,1.8,6,7.8,10.4,2,0.3,4.3,2.5,23.5
10,Paul George,SF,25,IND,81,81,34.8,7.5,17.9,0.418,2.6,7,0.371,4.9,10.9,0.447,0.49,5.6,6.5,0.86,1,6,7,4.1,1.9,0.4,3.3,2.8,23.1
11,Isaiah Thomas,PG,26,BOS,82,79,32.2,7.2,16.9,0.428,2,5.7,0.359,5.2,11.2,0.462,0.488,5.8,6.6,0.871,0.6,2.4,3,6.2,1.1,0.1,2.7,2,22.2
12,Klay Thompson,SG,25,GSW,80,80,33.3,8.1,17.3,0.47,3.5,8.1,0.425,4.7,9.2,0.51,0.569,2.4,2.8,0.873,0.4,3.4,3.8,2.1,0.8,0.6,1.7,1.9,22.1
13,Carmelo Anthony,SF,31,NYK,72,72,35.1,7.9,18.2,0.434,1.5,4.3,0.339,6.4,13.8,0.463,0.474,4.6,5.6,0.829,1.4,6.4,7.7,4.2,0.9,0.5,2.4,2.5,21.8
14,Blake Griffin,PF,26,LAC,35,35,33.4,8.6,17.2,0.499,0.2,0.5,0.333,8.4,16.7,0.504,0.504,4,5.5,0.727,1.5,6.9,8.4,4.9,0.8,0.5,2.4,2.7,21.4
15,Kawhi Leonard,SF,24,SAS,72,72,33.1,7.7,15.1,0.506,1.8,4,0.443,5.9,11.1,0.528,0.565,4.1,4.6,0.874,1.3,5.5,6.8,2.6,1.8,1,1.5,1.8,21.2
16,Kyle Lowry,PG,29,TOR,77,77,37,6.6,15.6,0.427,2.8,7.1,0.388,3.9,8.5,0.461,0.516,5.2,6.4,0.811,0.7,4,4.7,6.4,2.1,0.4,2.9,2.7,21.2
17,Jimmy Butler,SG,26,CHI,67,67,36.9,7,15.4,0.454,1,3.1,0.312,6.1,12.4,0.489,0.485,5.9,7.1,0.832,1.2,4.2,5.3,4.8,1.6,0.6,2,1.9,20.9
18,Kemba Walker,PG,25,CHO,81,81,35.6,7,16.4,0.427,2.2,6,0.371,4.8,10.4,0.459,0.495,4.6,5.4,0.847,0.7,3.7,4.4,5.2,1.6,0.5,2.1,1.4,20.9
19,C.J. McCollum,SG,24,POR,80,80,34.8,8,17.9,0.448,2.5,5.9,0.417,5.6,12,0.463,0.517,2.3,2.8,0.827,0.6,2.7,3.2,4.3,1.2,0.3,2.5,2.3,20.8
20,Andrew Wiggins,SF,20,MIN,81,81,35.1,7.3,16,0.459,0.7,2.3,0.3,6.6,13.6,0.486,0.481,5.3,7,0.761,1.3,2.3,3.6,2,1,0.6,2.2,2,20.7
21,Brook Lopez,C,27,BRK,73,73,33.7,8.1,15.8,0.511,0,0.2,0.143,8.1,15.7,0.515,0.512,4.3,5.5,0.787,2.8,5.1,7.8,2,0.8,1.7,2.4,2.9,20.6
22,Eric Bledsoe,PG,26,PHO,31,31,34.2,7.2,15.9,0.453,1.5,4.2,0.372,5.6,11.7,0.482,0.502,4.5,5.5,0.802,0.6,3.5,4,6.1,2,0.6,3.5,2.4,20.4
23,John Wall,PG,25,WAS,77,77,36.2,7.4,17.5,0.424,1.5,4.3,0.351,5.9,13.3,0.448,0.467,3.5,4.5,0.791,0.5,4.4,4.9,10.2,1.9,0.8,4.1,2.1,19.9
24,Gordon Hayward,SF,25,UTA,80,80,36.2,6.5,15,0.433,1.8,5.1,0.349,4.7,9.9,0.477,0.493,4.9,6,0.824,0.8,4.2,5,3.7,1.2,0.3,2.5,2.3,19.7
25,Kyrie Irving,PG,23,CLE,53,53,31.5,7.4,16.6,0.448,1.6,4.9,0.321,5.8,11.6,0.502,0.496,3.2,3.6,0.885,0.8,2.1,3,4.7,1.1,0.3,2.3,2,19.6
26,Brandon Knight,SG,24,PHO,52,50,36,7.1,17.2,0.415,2.3,6.8,0.342,4.8,10.5,0.461,0.482,3,3.5,0.852,0.7,3.2,3.9,5.1,1.2,0.4,3.4,2.4,19.6
27,Danilo Gallinari,SF,27,DEN,53,53,34.7,5.4,13.2,0.41,1.6,4.5,0.364,3.8,8.7,0.434,0.472,7.1,8.2,0.868,1,4.3,5.3,2.5,0.8,0.4,1.5,1.6,19.5
28,Chris Paul,PG,30,LAC,74,74,32.7,7,15.1,0.462,1.6,4.4,0.371,5.3,10.6,0.501,0.517,4,4.4,0.896,0.5,3.7,4.2,10,2.1,0.2,2.6,2.5,19.5
29,Chris Bosh,PF,31,MIA,53,53,33.5,6.8,14.5,0.467,1.5,4.2,0.365,5.2,10.3,0.508,0.52,4,5.1,0.795,0.9,6.5,7.4,2.4,0.7,0.6,1.5,1.9,19.1
30,Dwyane Wade,SG,34,MIA,74,73,30.5,7.3,16,0.456,0.1,0.6,0.159,7.2,15.4,0.468,0.459,4.4,5.5,0.793,1.1,3,4.1,4.6,1.1,0.6,2.7,1.6,19
31,Reggie Jackson,PG,25,DET,79,79,30.7,6.8,15.7,0.434,1.5,4.2,0.353,5.3,11.5,0.464,0.482,3.7,4.3,0.864,0.7,2.5,3.2,6.2,0.7,0.1,2.8,2.4,18.8
32,Dirk Nowitzki,PF,37,DAL,75,75,31.5,6.6,14.8,0.448,1.7,4.6,0.368,5,10.3,0.483,0.504,3.3,3.7,0.893,0.7,5.8,6.5,1.8,0.7,0.7,1.1,2.1,18.3
33,Karl-Anthony Towns,C,20,MIN,82,82,32,7.6,14.1,0.542,0.4,1.1,0.341,7.3,13,0.559,0.555,2.7,3.4,0.811,2.8,7.7,10.5,2,0.7,1.7,2.2,3,18.3
34,Khris Middleton,SG,24,MIL,79,79,36.1,6.4,14.5,0.444,1.8,4.6,0.396,4.6,9.9,0.466,0.507,3.5,3.9,0.888,0.6,3.3,3.8,4.2,1.7,0.2,2.3,2.6,18.2
35,Nikola Vucevic,C,25,ORL,65,60,31.3,8.2,16.1,0.51,0,0.1,0.222,8.2,16,0.512,0.511,1.7,2.3,0.753,2.7,6.2,8.9,2.8,0.8,1.1,1.9,2.7,18.2
36,LaMarcus Aldridge,PF,30,SAS,74,74,30.6,7.2,14.1,0.513,0,0.2,0,7.2,13.9,0.521,0.513,3.5,4.1,0.858,2.4,6.2,8.5,1.5,0.5,1.1,1.3,2,18
37,Kobe Bryant,SF,37,LAL,66,66,28.2,6,16.9,0.358,2,7.1,0.285,4,9.8,0.41,0.417,3.5,4.3,0.826,0.6,3.1,3.7,2.8,0.9,0.2,2,1.7,17.6
38,Jahlil Okafor,C,20,PHI,53,48,30,7.5,14.7,0.508,0,0.1,0.167,7.5,14.6,0.511,0.509,2.5,3.7,0.686,2.3,4.7,7,1.2,0.4,1.2,2.3,2.6,17.5
39,Bradley Beal,SG,22,WAS,55,35,31.1,6.5,14.5,0.449,1.9,4.9,0.387,4.6,9.6,0.481,0.515,2.5,3.2,0.767,0.7,2.7,3.4,2.9,1,0.2,2,2.1,17.4
40,Rudy Gay,SF,29,SAC,70,70,34,6.7,14.4,0.463,1.1,3.1,0.344,5.6,11.3,0.495,0.5,2.8,3.6,0.78,1.5,5,6.5,1.7,1.4,0.7,2,2.6,17.2
41,Paul Millsap,PF,30,ATL,81,81,32.7,6.2,13.2,0.47,0.9,2.9,0.319,5.3,10.3,0.512,0.505,3.8,5,0.757,2.4,6.6,9,3.3,1.8,1.7,2.4,2.9,17.1
42,Ryan Anderson,PF,27,NOP,66,7,30.4,6,14.1,0.427,2,5.4,0.366,4,8.7,0.466,0.498,3,3.5,0.873,2,4,6,1.1,0.6,0.4,1.4,1.7,17
43,Giannis Antetokounmpo,PG,21,MIL,80,79,35.3,6.4,12.7,0.506,0.4,1.4,0.257,6.1,11.3,0.537,0.52,3.7,5.1,0.724,1.4,6.2,7.7,4.3,1.2,1.4,2.6,3.2,16.9
44,Jrue Holiday,PG,25,NOP,65,23,28.2,6.3,14.4,0.439,1.3,4,0.336,5,10.4,0.478,0.485,2.8,3.3,0.843,0.4,2.6,3,6,1.4,0.3,2.6,2.3,16.8
45,Marc Gasol,C,31,MEM,52,52,34.4,6.3,13.6,0.464,0,0.1,0.667,6.3,13.5,0.463,0.465,3.9,4.7,0.829,1.1,5.8,7,3.8,1,1.3,2.3,2.7,16.6
46,Pau Gasol,C,35,CHI,72,72,31.8,6.5,13.8,0.469,0.3,1,0.348,6.2,12.9,0.478,0.481,3.2,4,0.792,2.2,8.9,11,4.1,0.6,2,2.3,2.1,16.5
47,Derrick Favors,PF,24,UTA,62,59,32,6.7,13.1,0.515,0,0.1,0,6.7,13,0.518,0.515,2.9,4.1,0.709,2.7,5.4,8.1,1.5,1.2,1.5,1.7,2.4,16.4
48,Derrick Rose,PG,27,CHI,66,66,31.8,6.8,15.9,0.427,0.7,2.3,0.293,6.1,13.6,0.449,0.448,2.2,2.7,0.793,0.7,2.7,3.4,4.7,0.7,0.2,2.7,1.3,16.4
49,J.J. Redick,SG,31,LAC,75,75,28,5.6,11.7,0.48,2.7,5.6,0.475,3,6.1,0.484,0.593,2.4,2.7,0.888,0.1,1.7,1.9,1.4,0.6,0.1,1,1.8,16.3
50,Andre Drummond,C,22,DET,81,81,32.9,6.8,13.1,0.521,0,0.1,0.333,6.8,13,0.522,0.522,2.6,7.2,0.355,4.9,9.9,14.8,0.8,1.5,1.4,1.9,3,16.2
51,Kevin Love,PF,27,CLE,77,77,31.5,5.3,12.7,0.419,2.1,5.7,0.36,3.3,7,0.467,0.499,3.4,4.1,0.822,1.9,8,9.9,2.4,0.8,0.5,1.8,2.1,16
52,Victor Oladipo,SG,23,ORL,72,52,33,5.9,13.5,0.438,1.4,3.9,0.348,4.5,9.6,0.475,0.489,2.8,3.4,0.83,0.7,4.1,4.8,3.9,1.6,0.8,2.1,2.4,16
53,Jeff Teague,PG,27,ATL,79,78,28.5,5.5,12.5,0.439,1.4,3.5,0.4,4.1,9,0.454,0.495,3.3,3.9,0.837,0.4,2.3,2.7,5.9,1.2,0.3,2.8,2.1,15.7
54,Jordan Clarkson,SG,23,LAL,79,79,32.3,6,13.9,0.433,1.4,4.1,0.347,4.6,9.8,0.468,0.483,2.1,2.6,0.804,1.2,2.8,4,2.4,1.1,0.1,1.7,2.1,15.5
55,Evan Fournier,SF,23,ORL,79,71,32.5,5.4,11.8,0.462,2,4.9,0.4,3.5,6.8,0.506,0.546,2.5,3,0.836,0.4,2.4,2.8,2.7,1.2,0,1.7,2.7,15.4
56,Mike Conley,PG,28,MEM,56,56,31.4,5.3,12.4,0.422,1.4,3.8,0.363,3.9,8.6,0.449,0.478,3.4,4.1,0.834,0.5,2.5,2.9,6.1,1.2,0.3,1.5,1.8,15.3
57,Greg Monroe,C,25,MIL,79,67,29.3,6.2,11.9,0.522,0,0,0,6.2,11.9,0.522,0.522,2.9,3.9,0.74,2.8,6.1,8.8,2.3,0.9,0.8,1.6,2.1,15.3
58,Zach Randolph,PF,34,MEM,68,53,29.6,6.3,13.3,0.475,0.1,0.4,0.231,6.3,13,0.482,0.479,2.5,3.2,0.796,2.6,5.1,7.8,2.1,0.6,0.2,1.5,2.1,15.3
59,Lou Williams,SG,29,LAL,67,35,28.5,4.2,10.3,0.408,1.6,4.8,0.344,2.6,5.6,0.464,0.488,5.3,6.3,0.83,0.5,2.1,2.5,2.5,0.9,0.3,1.6,1.6,15.3
60,Avery Bradley,SG,25,BOS,76,72,33.4,6,13.4,0.447,1.9,5.4,0.361,4.1,8.1,0.505,0.52,1.3,1.6,0.78,0.6,2.3,2.9,2.1,1.5,0.3,1.4,2.2,15.2
61,Tyreke Evans,SG,26,NOP,25,25,30.6,5.4,12.6,0.433,1.3,3.4,0.388,4.1,9.2,0.45,0.486,3,3.7,0.796,0.8,4.4,5.2,6.6,1.3,0.3,2.9,2.6,15.2
62,Eric Gordon,SG,27,NOP,45,44,32.9,5.1,12.3,0.418,2.5,6.5,0.384,2.6,5.7,0.457,0.521,2.5,2.8,0.888,0.2,2,2.2,2.7,1,0.3,1.6,2.2,15.2
63,Al Horford,C,29,ATL,82,82,32.1,6.5,12.8,0.505,1.1,3.1,0.344,5.4,9.7,0.557,0.547,1.3,1.6,0.798,1.8,5.5,7.3,3.2,0.8,1.5,1.3,2,15.2
64,Thaddeus Young,PF,27,BRK,73,73,33,6.8,13.2,0.514,0.1,0.4,0.233,6.7,12.8,0.523,0.518,1.4,2.2,0.644,2.4,6.6,9,1.8,1.5,0.5,1.9,2.5,15.1
65,Nicolas Batum,SF,27,CHO,70,70,35,5.3,12.5,0.426,2,5.7,0.348,3.3,6.8,0.492,0.506,2.3,2.7,0.849,0.8,5.3,6.1,5.8,0.9,0.6,2.9,1.6,14.9
66,Tobias Harris,PF,23,TOT,76,74,33.1,5.5,11.7,0.469,1.1,3.1,0.335,4.4,8.6,0.518,0.514,2.7,3.2,0.831,1.3,5.4,6.7,2.2,0.9,0.5,1.4,2,14.7
67,Kentavious Caldwell-Pope,SG,22,DET,76,76,36.7,5.3,12.6,0.42,1.5,4.9,0.309,3.8,7.8,0.489,0.479,2.4,3,0.811,0.9,2.8,3.7,1.8,1.4,0.2,1.4,2.2,14.5
68,Rodney Hood,SG,23,UTA,79,79,32.2,5.2,12.3,0.42,2,5.7,0.359,3.1,6.6,0.472,0.503,2.2,2.5,0.86,0.5,2.9,3.4,2.7,0.9,0.2,1.6,2.6,14.5
69,Will Barton,SG,25,DEN,82,1,28.7,5.2,12,0.432,1.4,4,0.345,3.8,8,0.476,0.489,2.6,3.3,0.806,0.7,5.1,5.8,2.5,0.9,0.5,1.7,1.8,14.4
70,Kristaps Porzingis,PF,20,NYK,72,72,28.4,5.2,12.3,0.421,1.1,3.4,0.333,4.1,8.9,0.454,0.467,2.8,3.3,0.838,1.8,5.5,7.3,1.3,0.7,1.9,1.7,2.8,14.3
71,Jamal Crawford,SG,35,LAC,79,5,26.9,4.8,11.9,0.404,1.5,4.4,0.34,3.3,7.5,0.44,0.466,3.1,3.4,0.904,0.3,1.6,1.8,2.3,0.7,0.2,1.4,1.5,14.2
72,Jae Crowder,SF,25,BOS,73,73,31.6,4.9,11.1,0.443,1.7,5,0.336,3.3,6.2,0.529,0.518,2.7,3.3,0.82,1,4.2,5.1,1.8,1.7,0.5,1.1,2.7,14.2
73,Hassan Whiteside,C,26,MIA,73,43,29.1,5.7,9.3,0.606,0,0,,5.7,9.3,0.606,0.606,2.9,4.5,0.65,3.3,8.6,11.8,0.4,0.6,3.7,1.9,2.8,14.2
74,Goran Dragic,PG,29,MIA,72,72,32.8,5.8,12.2,0.477,0.9,2.8,0.312,4.9,9.3,0.527,0.513,1.7,2.3,0.727,0.8,3.1,3.8,5.8,1,0.2,2.6,2.6,14.1
75,Marcus Morris,SF,26,DET,80,80,35.7,5.1,11.8,0.434,1.4,3.7,0.362,3.8,8.1,0.467,0.491,2.5,3.4,0.749,1.1,3.9,5.1,2.5,0.8,0.3,1.8,2.1,14.1
76,Jabari Parker,PF,20,MIL,76,72,31.7,5.8,11.8,0.493,0.1,0.5,0.257,5.7,11.4,0.502,0.498,2.3,3,0.768,1.6,3.6,5.2,1.7,0.9,0.4,1.5,2,14.1
77,Deron Williams,PG,31,DAL,65,63,32.4,4.9,11.9,0.414,1.5,4.3,0.344,3.4,7.6,0.454,0.477,2.8,3.2,0.869,0.3,2.6,2.9,5.8,0.9,0.2,2.3,2.4,14.1
78,Darren Collison,PG,28,SAC,74,15,30,5.1,10.5,0.486,1.2,2.9,0.401,3.9,7.6,0.519,0.542,2.6,3.1,0.858,0.4,1.9,2.3,4.3,1,0.1,1.8,1.9,14
79,Draymond Green,PF,25,GSW,81,81,34.7,5,10.1,0.49,1.2,3.2,0.388,3.7,6.9,0.537,0.551,2.8,4.1,0.696,1.7,7.8,9.5,7.4,1.5,1.4,3.2,3,14
80,Zach LaVine,SG,20,MIN,82,33,28,5.3,11.7,0.452,1.5,3.9,0.389,3.8,7.8,0.482,0.516,2,2.5,0.793,0.3,2.5,2.8,3.1,0.8,0.2,1.9,2.4,14
81,Devin Booker,SG,19,PHO,76,51,27.7,4.8,11.4,0.423,1.3,3.8,0.343,3.5,7.6,0.464,0.48,2.8,3.4,0.84,0.4,2.1,2.5,2.6,0.6,0.3,2.1,3,13.8
82,Monta Ellis,SG,30,IND,81,81,33.8,5.4,12.6,0.427,1.1,3.5,0.309,4.3,9.1,0.472,0.47,2,2.5,0.786,0.5,2.8,3.3,4.7,1.9,0.5,2.5,2.1,13.8
83,Dwight Howard,C,30,HOU,71,71,32.1,5.2,8.5,0.62,0,0.1,0,5.2,8.4,0.626,0.62,3.3,6.7,0.489,3.4,8.4,11.8,1.4,1,1.6,2.3,3.1,13.7
84,Chandler Parsons,SF,27,DAL,61,51,29.5,5.2,10.7,0.492,1.7,4.1,0.414,3.5,6.6,0.54,0.571,1.5,2.2,0.684,0.5,4.2,4.7,2.8,0.8,0.3,1.6,1.9,13.7
85,Marcin Gortat,C,31,WAS,75,74,30.1,5.8,10.2,0.567,0,0,0,5.8,10.2,0.567,0.567,1.9,2.8,0.705,3,6.9,9.9,1.4,0.6,1.3,1.6,2.6,13.5
86,Alec Burks,SG,24,UTA,31,3,25.7,4.4,10.8,0.41,1,2.5,0.405,3.4,8.2,0.412,0.458,3.4,4.5,0.752,0.5,3,3.5,2,0.6,0.1,1.6,2.3,13.3
87,D'Angelo Russell,PG,19,LAL,80,48,28.2,4.9,12,0.41,1.6,4.6,0.351,3.3,7.3,0.447,0.478,1.8,2.4,0.737,0.6,2.8,3.4,3.3,1.2,0.2,2.5,1.8,13.2
88,Dahntay Jones,SF,35,CLE,1,0,42,6,14,0.429,1,2,0.5,5,12,0.417,0.464,0,0,,1,4,5,2,1,2,0,6,13
89,Arron Afflalo,SG,30,NYK,71,57,33.4,5,11.3,0.443,1.3,3.4,0.382,3.7,7.9,0.469,0.5,1.5,1.8,0.84,0.3,3.4,3.7,2,0.4,0.1,1.2,2,12.8
90,Michael Beasley,SF,27,HOU,20,0,18.2,5.4,10.3,0.522,0.2,0.5,0.333,5.2,9.8,0.531,0.529,1.9,2.5,0.776,1.5,3.5,4.9,0.8,0.6,0.5,1.2,2,12.8
91,Robert Covington,SF,25,PHI,67,49,28.4,4.1,10.6,0.385,2.5,7.2,0.353,1.6,3.4,0.452,0.504,2.1,2.6,0.791,1,5.3,6.3,1.4,1.6,0.6,2.1,3.5,12.8
92,Jarrett Jack,PG,32,BRK,32,32,32.1,4.4,11.2,0.391,1,3.2,0.304,3.4,8,0.426,0.434,3.1,3.5,0.893,0.3,4,4.3,7.4,1.1,0.2,2.9,2.4,12.8
93,Emmanuel Mudiay,PG,19,DEN,68,66,30.4,4.8,13.3,0.364,1.1,3.4,0.319,3.8,9.9,0.379,0.404,2.1,3.1,0.67,0.5,2.9,3.4,5.5,1,0.5,3.2,2.1,12.8
94,Jonas Valanciunas,C,23,TOR,60,59,26,5.1,8.9,0.565,0,0,,5.1,8.9,0.565,0.565,2.7,3.6,0.761,3.1,6.1,9.1,0.7,0.4,1.3,1.4,2.6,12.8
95,Trevor Ariza,SF,30,HOU,81,81,35.3,4.4,10.6,0.416,2.3,6.2,0.371,2.1,4.4,0.478,0.523,1.6,2,0.783,0.8,3.7,4.5,2.3,2,0.3,1.4,2.2,12.7
96,DeAndre Jordan,C,27,LAC,77,77,33.7,4.6,6.6,0.703,0,0,0,4.6,6.6,0.704,0.703,3.5,8,0.43,3.5,10.3,13.8,1.2,0.7,2.3,1.4,2.7,12.7
97,Enes Kanter,C,23,OKC,82,1,21,5,8.8,0.576,0.1,0.3,0.476,4.9,8.5,0.579,0.583,2.4,3.1,0.797,3,5.1,8.1,0.4,0.3,0.4,1.4,2,12.7
98,Michael Kidd-Gilchrist,SF,22,CHO,7,7,29.3,4.7,8.7,0.541,0.4,1,0.429,4.3,7.7,0.556,0.566,2.9,4.1,0.69,1.7,4.7,6.4,1.3,0.4,0.4,1.1,1.3,12.7
99,Serge Ibaka,PF,26,OKC,78,78,32.1,5.3,11.1,0.479,0.8,2.4,0.326,4.6,8.8,0.52,0.513,1.2,1.6,0.752,1.8,5,6.8,0.8,0.5,1.9,1.4,2.7,12.6
100,Ish Smith,PG,27,TOT,77,53,29.1,5.2,12.6,0.411,0.7,2.2,0.329,4.4,10.4,0.428,0.44,1.6,2.3,0.693,0.6,3.4,4,6.5,1.1,0.3,2.3,1.7,12.6
101,Kenneth Faried,PF,26,DEN,67,64,25.3,5.2,9.3,0.558,0,0,0.5,5.2,9.3,0.558,0.558,2,3.3,0.613,3.5,5.2,8.7,1.2,0.5,0.9,1.4,2.5,12.5
102,Wesley Matthews,SG,29,DAL,78,78,33.9,4.2,10.9,0.388,2.4,6.7,0.36,1.8,4.2,0.432,0.498,1.6,1.9,0.863,0.3,2.7,3.1,1.9,1,0.2,1,2.3,12.5
103,J.R. Smith,SG,30,CLE,77,77,30.7,4.6,11,0.415,2.6,6.6,0.4,1.9,4.4,0.438,0.535,0.6,0.9,0.634,0.6,2.3,2.8,1.7,1.1,0.3,0.8,2.6,12.4
104,Luol Deng,PF,30,MIA,74,73,32.4,4.6,10.1,0.455,1.2,3.5,0.344,3.4,6.6,0.513,0.514,2,2.6,0.755,1.5,4.5,6,1.9,1,0.4,1.1,1.6,12.3
105,Gary Harris,SG,21,DEN,76,76,32.1,4.7,10.1,0.469,1.4,3.9,0.354,3.3,6.2,0.543,0.538,1.4,1.8,0.82,0.7,2.2,2.9,1.9,1.3,0.2,1.3,1.9,12.3
106,Joe Johnson,SF,34,TOT,81,81,33.4,4.7,10.6,0.439,1.5,3.9,0.383,3.2,6.7,0.471,0.509,1.5,1.8,0.831,0.6,3,3.6,3.9,0.8,0,2,1.8,12.2
107,Mirza Teletovic,PF,30,PHO,79,1,21.3,4.2,9.8,0.427,2.3,5.8,0.393,1.9,4,0.476,0.544,1.5,2,0.774,0.7,3.1,3.8,1.1,0.4,0.3,1.1,2,12.2
108,George Hill,PG,29,IND,74,73,34.1,4.4,10,0.441,1.7,4.2,0.408,2.7,5.7,0.466,0.528,1.5,2,0.76,0.8,3.2,4,3.5,1.1,0.2,1.4,2,12.1
109,Al Jefferson,C,31,CHO,47,18,23.3,5.2,10.7,0.485,0,0,,5.2,10.7,0.485,0.485,1.5,2.4,0.649,1.2,5.2,6.4,1.5,0.6,0.9,0.7,2.5,12
110,Markieff Morris,PF,26,TOT,64,45,25.5,4.8,11.2,0.425,0.7,2.4,0.303,4,8.8,0.458,0.458,1.7,2.3,0.735,1.1,4.4,5.5,1.9,0.9,0.5,2.1,2.9,12
111,Tony Parker,PG,33,SAS,72,72,27.5,4.9,9.9,0.493,0.4,0.9,0.415,4.5,9,0.501,0.512,1.8,2.4,0.76,0.2,2.2,2.4,5.3,0.8,0.2,1.8,1.6,11.9
112,Rajon Rondo,PG,29,SAC,72,72,35.2,4.9,10.9,0.454,0.9,2.4,0.365,4.1,8.5,0.479,0.494,1.2,2.1,0.58,1.1,5,6,11.7,2,0.1,3.9,2.4,11.9
113,Omri Casspi,SF,27,SAC,69,21,27.2,4.3,9,0.481,1.6,4,0.409,2.7,5,0.537,0.571,1.5,2.3,0.648,0.8,5.1,5.9,1.4,0.8,0.2,1.4,2.2,11.8
114,C.J. Miles,SF,28,IND,64,24,22.9,4,9.9,0.409,2.2,6,0.367,1.8,3.9,0.474,0.521,1.5,1.9,0.75,0.4,2.3,2.7,1,0.8,0.5,1.1,2.2,11.8
115,Nikola Mirotic,PF,24,CHI,66,38,24.9,3.8,9.2,0.407,2,5.2,0.39,1.7,4,0.43,0.518,2.2,2.7,0.807,0.9,4.6,5.5,1.5,0.9,0.7,1.5,2.3,11.8
116,Harrison Barnes,SF,23,GSW,66,59,30.9,4.5,9.6,0.466,1.2,3.2,0.383,3.2,6.3,0.508,0.531,1.5,2,0.761,1.2,3.8,4.9,1.8,0.6,0.2,0.9,2.1,11.7
117,Jeff Green,SF,29,TOT,80,41,28.2,4.4,10.3,0.43,0.8,2.7,0.315,3.6,7.6,0.47,0.47,2.1,2.8,0.745,0.9,3.2,4.2,1.7,0.7,0.5,1.2,2.1,11.7
118,Jeremy Lin,SG,27,CHO,78,13,26.3,3.8,9.3,0.412,1,2.9,0.336,2.9,6.4,0.446,0.464,3.1,3.7,0.815,0.5,2.7,3.2,3,0.7,0.5,1.9,2.1,11.7
119,Marvin Williams,PF,29,CHO,81,81,28.9,4.2,9.2,0.452,1.9,4.7,0.402,2.3,4.6,0.504,0.554,1.5,1.8,0.833,1.6,4.9,6.4,1.4,0.7,1,0.8,1.6,11.7
120,Kent Bazemore,SF,26,ATL,75,68,27.8,4.3,9.7,0.441,1.5,4.1,0.357,2.8,5.6,0.502,0.517,1.6,2,0.815,0.4,4.7,5.1,2.3,1.3,0.5,1.8,2.3,11.6
121,Otto Porter,SF,22,WAS,75,73,30.3,4.5,9.6,0.473,1.3,3.6,0.367,3.2,6,0.536,0.541,1.3,1.7,0.754,1.3,3.9,5.2,1.6,1.4,0.4,0.9,2.2,11.6
122,Michael Carter-Williams,PG,24,MIL,54,37,30.5,4.6,10.3,0.452,0.3,1,0.273,4.4,9.3,0.472,0.466,2,3,0.654,0.9,4.2,5.1,5.2,1.5,0.8,2.8,3,11.5
123,Jordan Hamilton,SF,25,NOP,11,4,27.6,4.5,10.5,0.422,1.2,4.1,0.289,3.3,6.5,0.507,0.478,1.3,1.9,0.667,1.1,4.5,5.6,2.3,0.7,0.3,1.5,2.2,11.4
124,Julius Randle,PF,21,LAL,81,60,28.2,4.4,10.3,0.429,0.1,0.4,0.278,4.3,9.9,0.436,0.435,2.4,3.3,0.715,2.1,8.1,10.2,1.8,0.7,0.4,1.8,3,11.3
125,Bojan Bogdanovic,SF,26,BRK,79,39,26.8,4.1,9.5,0.433,1.6,4.3,0.382,2.5,5.2,0.474,0.519,1.4,1.7,0.833,0.5,2.8,3.2,1.3,0.4,0.1,1.5,1.5,11.2
126,Sean Kilpatrick,SG,26,TOT,31,0,19.9,4,8.7,0.456,1.3,3.7,0.342,2.7,5,0.538,0.528,1.9,2.2,0.896,0.4,1.4,1.8,0.9,0.4,0.1,1,1.2,11.1
127,Nerlens Noel,C,21,PHI,67,62,29.3,4.6,8.8,0.521,0,0,0.5,4.6,8.7,0.521,0.522,2,3.4,0.59,2.3,5.8,8.1,1.8,1.8,1.5,2.4,2.9,11.1
128,Isaiah Canaan,SG,24,PHI,77,39,25.5,3.4,9.4,0.36,2.3,6.3,0.363,1.1,3.1,0.354,0.482,1.9,2.3,0.833,0.3,2,2.3,1.8,0.7,0.2,1.2,1.7,11
129,DeMarre Carroll,SF,29,TOR,26,22,30.2,4,10.4,0.389,1.8,4.5,0.39,2.3,5.8,0.388,0.474,1.2,1.9,0.6,1.2,3.5,4.7,1,1.7,0.2,1.1,2.4,11
130,Dennis Schroder,PG,22,ATL,80,6,20.3,4.1,9.8,0.421,1,3,0.322,3.2,6.8,0.465,0.471,1.8,2.3,0.791,0.3,2.2,2.6,4.4,0.9,0.1,2.3,1.7,11
131,T.J. Warren,SF,22,PHO,47,4,22.8,4.7,9.4,0.501,0.6,1.5,0.4,4.1,7.9,0.52,0.533,1,1.4,0.703,1.2,1.9,3.1,0.9,0.8,0.3,0.7,2,11
132,J.J. Barea,PG,31,DAL,74,16,22.5,4.3,9.6,0.446,1.4,3.5,0.385,2.9,6.1,0.481,0.516,1,1.3,0.771,0.4,1.7,2.1,4.1,0.4,0,1.5,1.5,10.9
133,Elfrid Payton,PG,21,ORL,73,69,29.4,4.4,10,0.436,0.4,1.3,0.326,3.9,8.7,0.451,0.456,1.5,2.6,0.589,1.1,2.5,3.6,6.4,1.2,0.3,2.4,2.2,10.7
134,Trey Burke,PG,23,UTA,64,0,21.3,4.1,9.9,0.413,1.4,4,0.344,2.7,5.9,0.46,0.483,1,1.3,0.817,0.3,1.5,1.8,2.3,0.5,0.1,1.3,1.3,10.6
135,Norris Cole,PG,27,NOP,45,23,26.6,4.4,10.8,0.405,0.7,2.3,0.324,3.6,8.5,0.427,0.439,1.2,1.4,0.8,0.2,3.1,3.4,3.7,0.8,0.1,1.7,2.3,10.6
136,Shabazz Muhammad,SF,23,MIN,82,0,20.5,3.9,8.3,0.465,0.5,1.9,0.289,3.3,6.5,0.516,0.498,2.3,3,0.764,1.2,2,3.3,0.6,0.3,0.1,0.9,1.1,10.5
137,Evan Turner,SG,27,BOS,81,12,28,4.2,9.3,0.456,0.2,1,0.241,4,8.3,0.482,0.469,1.8,2.2,0.827,0.6,4.3,4.9,4.4,1,0.3,2.1,1.7,10.5
138,Jerryd Bayless,SG,27,MIL,52,18,28.9,3.6,8.4,0.423,1.9,4.4,0.437,1.6,4,0.408,0.539,1.3,1.7,0.778,0.4,2.3,2.7,3.1,0.9,0.2,1.4,2.1,10.4
139,Ersan Ilyasova,PF,28,TOT,74,56,25.4,3.8,8.9,0.424,1.3,3.5,0.371,2.5,5.4,0.458,0.496,1.5,2.1,0.721,1.9,3.5,5.4,0.9,0.7,0.4,1,2.3,10.4
140,Mario Chalmers,PG,29,TOT,61,7,22.5,3,7.3,0.41,0.8,2.4,0.309,2.2,4.8,0.461,0.462,3.6,4.3,0.832,0.4,2.2,2.6,3.8,1.4,0.2,1.8,3,10.3
141,Allen Crabbe,SG,23,POR,81,8,26,3.8,8.4,0.459,1.4,3.5,0.393,2.5,4.9,0.506,0.541,1.2,1.4,0.867,0.3,2.3,2.7,1.2,0.8,0.2,0.8,2.4,10.3
142,Robin Lopez,C,27,NYK,82,82,27.1,4.4,8.1,0.539,0,0,0,4.4,8.1,0.54,0.539,1.6,2,0.795,3.3,4.1,7.3,1.4,0.2,1.6,1.6,2.2,10.3
143,Jared Sullinger,PF,23,BOS,81,73,23.6,4.3,10,0.435,0.4,1.3,0.282,4,8.7,0.458,0.453,1.3,2,0.64,2.4,5.9,8.3,2.3,0.9,0.6,1.3,2.6,10.3
144,Myles Turner,C,19,IND,60,30,22.8,4.4,8.8,0.498,0.1,0.2,0.214,4.4,8.6,0.506,0.501,1.5,2,0.727,1.1,4.4,5.5,0.7,0.4,1.4,1.1,2.6,10.3
145,Al-Farouq Aminu,SF,25,POR,82,82,28.5,3.6,8.8,0.416,1.5,4.3,0.361,2.1,4.5,0.468,0.503,1.4,1.9,0.737,1.2,4.9,6.1,1.7,0.9,0.6,1.5,2.1,10.2
146,Marco Belinelli,SG,29,SAC,68,7,24.6,3.6,9.3,0.386,1.3,4.4,0.306,2.3,5,0.456,0.457,1.7,2,0.833,0.1,1.6,1.7,1.9,0.5,0,1.2,1.3,10.2
147,Gorgui Dieng,C,26,MIN,82,39,27.1,3.8,7.1,0.532,0.1,0.2,0.3,3.7,6.8,0.54,0.537,2.5,3,0.827,1.9,5.2,7.1,1.7,1.1,1.2,1.7,2.7,10.1
148,Ricky Rubio,PG,25,MIN,76,76,30.6,2.9,7.7,0.374,0.8,2.5,0.326,2.1,5.2,0.396,0.427,3.5,4.1,0.847,0.5,3.8,4.3,8.7,2.1,0.1,2.5,2.6,10.1
149,Matt Barnes,SF,35,MEM,76,45,28.8,3.5,9.1,0.381,1.6,4.9,0.322,1.9,4.3,0.449,0.467,1.5,1.8,0.804,1.1,4.4,5.5,2.1,1,0.8,1.6,3.1,10
150,Nikola Jokic,C,20,DEN,80,55,21.7,3.8,7.5,0.512,0.4,1.1,0.333,3.5,6.5,0.541,0.535,1.9,2.4,0.811,2.3,4.7,7,2.4,1,0.6,1.3,2.6,10
151,Kelly Olynyk,C,24,BOS,69,8,20.2,3.7,8.1,0.455,1.2,3,0.405,2.4,5,0.486,0.531,1.4,1.9,0.75,1,3,4.1,1.5,0.8,0.5,1.1,2.4,10
152,Patrick Beverley,PG,27,HOU,71,63,28.7,3.6,8.4,0.434,1.7,4.4,0.4,1.9,4,0.472,0.539,0.8,1.2,0.682,1,2.5,3.5,3.4,1.3,0.4,1.3,3.3,9.9
153,Terrence Ross,SF,24,TOR,73,7,23.9,3.7,8.6,0.431,1.8,4.6,0.386,1.9,3.9,0.484,0.536,0.7,0.8,0.79,0.3,2.2,2.5,0.8,0.7,0.3,0.6,1.6,9.9
154,Ramon Sessions,PG,29,WAS,82,5,20.3,3.4,7.2,0.473,0.4,1.4,0.324,3,5.9,0.507,0.503,2.6,3.5,0.756,0.3,2.2,2.5,2.9,0.6,0.1,1.4,1.2,9.9
155,Carl Landry,PF,32,PHI,36,12,15.8,3.9,6.9,0.556,0.2,0.4,0.462,3.7,6.6,0.561,0.568,1.9,2.5,0.736,1.4,2.7,4.1,0.9,0.3,0.3,0.6,1.9,9.8
156,Gary Neal,SG,31,WAS,40,2,20.2,3.8,8.1,0.465,1,2.5,0.41,2.8,5.6,0.489,0.528,1.2,1.4,0.855,0.3,1.8,2.1,1.2,0.5,0,0.7,1.4,9.8
157,Hollis Thompson,SG,24,PHI,77,17,28,3.5,8.8,0.397,1.9,5.1,0.38,1.6,3.7,0.42,0.507,0.9,1.2,0.719,0.7,2.8,3.5,1.3,0.5,0.3,1,2.4,9.8
158,Dion Waiters,SG,24,OKC,78,15,27.6,3.6,9.1,0.399,1.1,3.1,0.358,2.5,6,0.421,0.46,1.4,2,0.713,0.5,2.1,2.6,2,1,0.2,1.5,1.8,9.8
159,Jerami Grant,SF,21,PHI,77,52,26.8,3.3,7.8,0.419,0.5,1.9,0.24,2.8,5.9,0.477,0.448,2.8,4.2,0.658,1.3,3.4,4.7,1.8,0.7,1.6,1.4,2.8,9.7
160,Marcus Thornton,SG,28,TOT,61,8,18.2,3.5,8.9,0.399,1.5,4.4,0.337,2,4.5,0.46,0.482,1.1,1.3,0.848,0.6,1.8,2.5,1.4,0.8,0.1,0.8,1.5,9.7
161,Manu Ginobili,SG,38,SAS,58,0,19.6,3.4,7.5,0.453,1.2,3.1,0.391,2.2,4.4,0.496,0.533,1.6,1.9,0.813,0.4,2.1,2.5,3.1,1.1,0.2,1.7,1.7,9.6
162,Courtney Lee,SG,30,TOT,79,65,29.5,3.7,8.1,0.454,1,2.7,0.378,2.6,5.3,0.493,0.518,1.3,1.5,0.839,0.4,2.2,2.6,1.7,1.1,0.4,0.9,1.7,9.6
163,Raymond Felton,PG,31,DAL,80,31,27.4,3.5,8.5,0.406,0.8,2.7,0.282,2.7,5.9,0.463,0.45,1.9,2.2,0.847,0.5,2.8,3.2,3.6,0.9,0.2,1.5,1.8,9.5
164,Doug McDermott,SF,24,CHI,81,4,23,3.6,8,0.452,1.4,3.2,0.425,2.2,4.8,0.47,0.537,0.9,1,0.857,0.5,2,2.4,0.7,0.2,0.1,0.7,1.6,9.4
165,Ian Mahinmi,C,29,IND,71,71,25.6,3.7,6.3,0.589,0,0,,3.7,6.3,0.589,0.589,1.9,3.2,0.587,1.9,5.2,7.1,1.5,0.9,1.1,1.4,3.1,9.3
166,Kevin Martin,SG,32,TOT,55,13,19.9,2.8,7.6,0.372,0.9,2.5,0.36,1.9,5.1,0.378,0.431,2.8,3.1,0.89,0.3,1.7,2,1.1,0.5,0.1,1,1.5,9.3
167,Derrick Williams,SF,24,NYK,80,9,17.9,3.2,7.1,0.45,0.6,1.9,0.293,2.6,5.2,0.506,0.488,2.4,3.2,0.758,0.6,3.1,3.7,0.9,0.4,0.1,0.8,0.9,9.3
168,Jordan Farmar,PG,29,MEM,12,10,24.3,3.5,8.3,0.42,1.3,3.8,0.356,2.2,4.6,0.473,0.5,0.8,0.8,1,0.3,1.8,2.1,3.1,1.3,0.2,1.5,1.8,9.2
169,Aaron Gordon,PF,20,ORL,78,37,23.9,3.5,7.4,0.473,0.5,1.8,0.296,3,5.6,0.531,0.509,1.7,2.5,0.668,2,4.5,6.5,1.6,0.8,0.7,0.8,2,9.2
170,Nene Hilario,PF,33,WAS,57,11,19.2,3.7,6.7,0.544,0,0.1,0,3.7,6.7,0.549,0.544,1.9,3.2,0.578,0.9,3.6,4.5,1.7,0.9,0.5,1.3,2.7,9.2
171,Kyle Korver,SG,34,ATL,80,80,30,3.4,7.7,0.435,2,5,0.398,1.4,2.7,0.502,0.563,0.6,0.7,0.833,0.2,3.1,3.3,2.1,0.8,0.4,1.2,2,9.2
172,Rudy Gobert,C,23,UTA,61,60,31.7,3.2,5.8,0.559,0,0,,3.2,5.8,0.559,0.559,2.6,4.6,0.569,3.4,7.5,11,1.5,0.7,2.2,1.9,2.7,9.1
173,Mason Plumlee,C,25,POR,82,82,25.4,3.3,6.3,0.516,0,0,0,3.3,6.3,0.52,0.516,2.6,4.1,0.642,2.5,5.2,7.7,2.8,0.8,1,1.9,3.1,9.1
174,Marcus Smart,PG,21,BOS,61,10,27.3,3,8.7,0.348,1,4,0.253,2,4.7,0.427,0.405,2.1,2.7,0.777,1.2,2.9,4.2,3,1.5,0.3,1.3,3,9.1
175,Alex Len,C,22,PHO,78,46,23.3,3.4,8,0.423,0,0.1,0.143,3.4,7.9,0.426,0.424,2.2,3.1,0.728,2.3,5.3,7.6,1.2,0.5,0.8,1.9,2.9,9
176,Archie Goodwin,PG,21,PHO,57,13,19.5,3.1,7.4,0.417,0.4,1.7,0.232,2.7,5.7,0.474,0.444,2.3,3.4,0.674,0.5,2,2.5,2.1,0.5,0.2,1.8,1.5,8.9
177,Gerald Green,SG,30,MIA,69,14,22.6,3.3,8.5,0.392,1.2,3.8,0.323,2.1,4.7,0.446,0.463,1,1.3,0.783,0.4,2,2.4,0.8,0.6,0.3,0.7,1.8,8.9
178,Austin Rivers,SG,23,LAC,67,7,21.9,3.4,7.7,0.438,0.9,2.8,0.335,2.4,4.9,0.495,0.498,1.2,1.7,0.681,0.3,1.6,1.9,1.5,0.7,0.1,0.9,2,8.9
179,Rodney Stuckey,PG,29,IND,58,1,22,3.2,7.6,0.413,0.3,1.4,0.241,2.8,6.2,0.453,0.436,2.3,2.7,0.829,0.3,2.4,2.7,2.4,0.7,0.1,1.3,1.3,8.9
180,Jordan Hill,C,28,IND,73,11,20.7,3.8,7.5,0.506,0,0,0,3.8,7.5,0.507,0.506,1.2,1.7,0.712,2.1,4,6.2,1.2,0.5,0.5,1.3,2.1,8.8
181,Jeremy Lamb,SG,23,CHO,66,0,18.6,3.5,7.7,0.451,0.8,2.7,0.309,2.6,5,0.529,0.506,1,1.3,0.727,0.7,3.2,3.8,1.2,0.6,0.5,0.8,1.6,8.8
182,Toney Douglas,PG,29,NOP,61,18,20.7,3,7.3,0.411,1.3,3.3,0.399,1.7,4,0.421,0.502,1.4,1.6,0.848,0.4,1.9,2.3,2.6,1.1,0.1,1,2.1,8.7
183,Gerald Henderson,SG,28,POR,72,0,19.9,3.2,7.3,0.439,0.7,1.9,0.353,2.6,5.5,0.468,0.484,1.6,2,0.767,0.4,2.5,2.9,1,0.5,0.3,0.9,1.2,8.7
184,Tyler Johnson,SG,23,MIA,36,5,24,3.3,6.8,0.486,0.8,2,0.38,2.5,4.8,0.529,0.541,1.4,1.8,0.797,0.8,2.3,3,2.2,0.7,0.4,1.3,1.8,8.7
185,Terrence Jones,PF,24,HOU,50,11,20.9,3.3,7.3,0.452,0.5,1.6,0.316,2.8,5.8,0.49,0.486,1.5,2.3,0.664,1.2,3,4.2,0.8,0.5,0.8,1,1.7,8.7
186,Luis Scola,PF,35,TOR,76,76,21.5,3.5,7.9,0.45,0.9,2.1,0.404,2.7,5.8,0.467,0.504,0.8,1.1,0.726,1.1,3.6,4.7,0.9,0.6,0.4,0.9,2.3,8.7
187,Cody Zeller,C,23,CHO,73,60,24.3,3.2,6,0.529,0,0.1,0.1,3.2,5.8,0.539,0.53,2.4,3.2,0.754,1.9,4.3,6.2,1,0.8,0.9,0.9,2.8,8.7
188,Tim Duncan,C,39,SAS,61,60,25.2,3.5,7.2,0.488,0,0,0,3.5,7.2,0.49,0.488,1.5,2.1,0.702,1.9,5.4,7.3,2.7,0.8,1.3,1.5,2,8.6
189,Taj Gibson,PF,30,CHI,73,55,26.5,3.6,6.8,0.526,0,0,0,3.6,6.8,0.529,0.526,1.4,2,0.692,2.8,4.1,6.9,1.5,0.6,1.1,1.1,2.5,8.6
190,Shelvin Mack,PG,25,TOT,52,27,20.3,3.5,8,0.439,0.8,2.4,0.312,2.8,5.6,0.493,0.486,0.9,1.2,0.738,0.3,2.2,2.5,3.6,0.7,0.1,1.8,1.4,8.6
191,Zaza Pachulia,C,31,DAL,76,69,26.4,2.9,6.2,0.466,0,0,0,2.9,6.1,0.469,0.466,2.8,3.6,0.768,3.3,6.2,9.4,1.7,0.8,0.3,1.6,2.4,8.6
192,Cory Joseph,SG,24,TOR,80,4,25.6,3.2,7.3,0.439,0.4,1.4,0.273,2.8,5.9,0.478,0.465,1.7,2.2,0.764,0.5,2.1,2.6,3.1,0.8,0.3,1.3,1.6,8.5
193,Jon Leuer,PF,26,PHO,67,27,18.7,3.3,7,0.481,0.6,1.6,0.382,2.7,5.3,0.511,0.526,1.1,1.5,0.762,1.1,4.4,5.6,1.1,0.6,0.4,1.1,1.9,8.5
194,Patrick Mills,PG,27,SAS,81,3,20.5,3.2,7.6,0.425,1.5,4,0.384,1.7,3.6,0.469,0.525,0.6,0.7,0.81,0.3,1.6,2,2.8,0.7,0.1,0.9,1.3,8.5
195,Nik Stauskas,SG,22,PHI,73,35,24.8,2.9,7.5,0.385,1.5,4.5,0.326,1.4,3,0.473,0.483,1.2,1.6,0.771,0.3,2.2,2.5,1.9,0.6,0.3,1.3,1.6,8.5
196,Tony Allen,SG,34,MEM,64,57,25.3,3.4,7.3,0.458,0.2,0.7,0.357,3.1,6.7,0.468,0.474,1.4,2.2,0.652,1.6,3,4.6,1.1,1.7,0.3,1.2,2.7,8.4
197,Meyers Leonard,PF,23,POR,61,10,21.9,3.2,7.1,0.448,1.4,3.7,0.377,1.8,3.4,0.527,0.547,0.6,0.8,0.761,0.8,4.3,5.1,1.5,0.1,0.3,1.3,3,8.4
198,Tony Wroten,PG,22,PHI,8,3,18,2.8,8.1,0.338,0.4,2.1,0.176,2.4,6,0.396,0.362,2.5,4.6,0.541,0.3,2.4,2.6,2.5,0.4,0,3.6,1.4,8.4
199,Lance Stephenson,SF,25,TOT,69,13,19.9,3.3,6.9,0.481,0.4,1.1,0.385,2.9,5.7,0.5,0.513,1.3,1.6,0.784,0.6,2.7,3.2,1.9,0.6,0.1,1.4,2,8.3
200,Jusuf Nurkic,C,21,DEN,32,3,17.1,3.2,7.6,0.417,0,0.1,0,3.2,7.5,0.423,0.417,1.9,3.1,0.616,2,3.4,5.5,1.3,0.8,1.4,1.7,2.8,8.2
201,Lance Thomas,PF,27,NYK,59,5,22.3,2.9,6.5,0.442,0.7,1.8,0.404,2.1,4.6,0.458,0.5,1.7,2,0.857,0.6,1.6,2.2,0.9,0.4,0.1,1,1.8,8.2
202,Mo Williams,PG,33,CLE,41,14,18.2,3.2,7.4,0.437,0.9,2.5,0.353,2.3,4.9,0.48,0.497,0.9,1,0.905,0.1,1.6,1.8,2.4,0.3,0.1,1.4,1.5,8.2
203,Stanley Johnson,SF,19,DET,73,6,23.1,3.1,8.2,0.375,0.9,2.8,0.307,2.2,5.4,0.41,0.428,1.1,1.4,0.784,0.8,3.4,4.2,1.6,0.8,0.2,1.6,2.4,8.1
204,Steven Adams,C,22,OKC,80,80,25.2,3.3,5.3,0.613,0,0,,3.3,5.3,0.613,0.613,1.4,2.5,0.582,2.7,3.9,6.7,0.8,0.5,1.1,1.1,2.8,8
205,P.J. Tucker,SF,30,PHO,82,80,31,2.9,7.1,0.411,0.8,2.5,0.33,2.1,4.6,0.455,0.469,1.3,1.7,0.746,2,4.2,6.2,2.2,1.3,0.2,1.4,2.5,8
206,Jared Dudley,PF,30,WAS,81,41,25.9,2.9,6,0.478,1.2,2.9,0.42,1.6,3.1,0.534,0.581,0.9,1.2,0.735,0.7,2.9,3.5,2.1,0.9,0.2,1,2.3,7.9
207,Joffrey Lauvergne,C,24,DEN,59,15,17.6,3.3,6.4,0.513,0.2,0.9,0.245,3.1,5.5,0.557,0.53,1.1,1.2,0.899,1.3,3.6,4.9,0.9,0.2,0.3,0.9,1.9,7.9
208,David Lee,PF,32,TOT,55,5,16.4,3.2,6.1,0.531,0,0,0,3.2,6.1,0.533,0.531,1.3,1.7,0.763,1.8,3.7,5.5,1.5,0.4,0.5,1.2,2.1,7.8
209,O.J. Mayo,SG,28,MIL,41,24,26.6,2.9,7.8,0.371,1.3,4,0.321,1.6,3.9,0.421,0.452,0.8,1,0.775,0.3,2.2,2.6,2.9,1.2,0.2,1.8,3.1,7.8
210,Ben McLemore,SG,22,SAC,68,53,21.2,2.9,6.7,0.429,1,2.7,0.362,1.9,4,0.474,0.502,1.1,1.5,0.718,0.5,1.7,2.2,1.2,0.8,0.1,1.5,2.1,7.8
211,Tristan Thompson,PF,24,CLE,82,34,27.7,3,5.1,0.588,0,0,,3,5.1,0.588,0.588,1.8,3,0.616,3.3,5.7,9,0.8,0.5,0.6,0.7,2.5,7.8
212,Wayne Ellington,SG,28,BRK,76,41,21.3,2.9,7.4,0.389,1.3,3.5,0.358,1.6,3.9,0.416,0.474,0.7,0.8,0.857,0.3,2,2.3,1.1,0.6,0.1,0.6,1.1,7.7
213,Jameer Nelson,PG,33,DEN,39,15,26.6,2.9,7.9,0.368,1.1,3.7,0.299,1.8,4.2,0.429,0.438,0.8,0.9,0.857,0.5,2.5,2.9,4.9,0.6,0.1,1.7,2.6,7.7
214,Jose Calderon,PG,34,NYK,72,72,28.1,2.9,6.3,0.459,1.2,2.8,0.414,1.7,3.5,0.496,0.552,0.6,0.7,0.875,0.3,2.9,3.2,4.2,0.9,0.1,1.2,1.9,7.6
215,Langston Galloway,PG,24,NYK,82,7,24.8,2.8,7.2,0.393,0.9,2.7,0.344,1.9,4.4,0.423,0.458,1,1.4,0.754,0.5,3,3.5,2.5,0.9,0.3,0.7,2.2,7.6
216,Devin Harris,PG,32,DAL,64,0,20,2.6,5.8,0.447,0.8,2.5,0.329,1.8,3.4,0.532,0.516,1.6,2.2,0.721,0.3,1.9,2.2,1.8,0.9,0.2,1,1.9,7.6
217,Darrell Arthur,PF,27,DEN,70,16,21.7,3.2,7,0.452,0.6,1.7,0.385,2.5,5.3,0.473,0.498,0.6,0.8,0.755,1.2,3,4.2,1.4,0.8,0.7,0.9,2.6,7.5
218,D.J. Augustin,PG,28,TOT,62,0,19,2.4,5.6,0.423,1.1,2.7,0.405,1.3,2.9,0.44,0.52,1.7,2.1,0.805,0.1,1.4,1.5,3.2,0.6,0.1,1.4,1.4,7.5
219,Matthew Dellavedova,PG,25,CLE,76,14,24.6,2.7,6.7,0.405,1.3,3.1,0.41,1.4,3.6,0.401,0.501,0.8,0.9,0.864,0.4,1.7,2.1,4.4,0.6,0.1,1.5,2.3,7.5
220,Frank Kaminsky,C,22,CHO,81,3,21.1,2.7,6.5,0.41,0.8,2.5,0.337,1.8,4,0.455,0.474,1.3,1.8,0.73,0.9,3.3,4.1,1.2,0.5,0.5,0.7,1.6,7.5
221,E'Twaun Moore,SG,26,CHI,59,22,21.4,3.2,6.6,0.481,0.8,1.8,0.452,2.4,4.8,0.491,0.541,0.4,0.6,0.629,0.3,1.9,2.3,1.7,0.6,0.3,0.9,1.7,7.5
222,JaMychal Green,PF,25,MEM,78,15,18.5,2.9,6.3,0.465,0.2,0.6,0.333,2.8,5.8,0.478,0.48,1.3,1.8,0.752,1.8,3,4.8,0.9,0.6,0.4,1.1,2.4,7.4
223,Amir Johnson,PF,28,BOS,79,76,22.8,3.2,5.4,0.585,0.1,0.5,0.233,3,4.8,0.624,0.596,0.9,1.5,0.57,2.3,4.1,6.4,1.7,0.7,1.1,1.2,2.7,7.3
224,Shane Larkin,PG,23,BRK,78,17,22.4,2.8,6.4,0.442,0.5,1.4,0.361,2.3,5.1,0.464,0.481,1.1,1.4,0.776,0.4,1.9,2.3,4.4,1.2,0.2,1.9,1.6,7.3
225,Jodie Meeks,SG,28,DET,3,0,14.3,2.3,6.7,0.35,1.3,3,0.444,1,3.7,0.273,0.45,1.3,1.3,1,0.3,1.3,1.7,1,0,0,0.3,0.7,7.3
226,Garrett Temple,SF,29,WAS,80,43,24.4,2.5,6.3,0.398,1.1,3.2,0.345,1.4,3.1,0.453,0.486,1.1,1.6,0.728,0.5,2.2,2.7,1.8,0.9,0.2,0.8,2.4,7.3
227,Nick Young,SG,30,LAL,54,2,19.1,2.3,6.9,0.339,1.4,4.4,0.325,0.9,2.5,0.363,0.442,1.2,1.4,0.829,0.3,1.5,1.8,0.6,0.4,0.1,0.6,0.9,7.3
228,Brandon Bass,PF,30,LAL,66,0,20.3,2.6,4.8,0.549,0,0,0,2.6,4.8,0.552,0.549,1.9,2.2,0.845,1.6,2.7,4.3,1.1,0.5,0.8,0.6,1.9,7.2
229,Corey Brewer,SF,29,HOU,82,12,20.4,2.6,6.7,0.384,0.7,2.7,0.272,1.8,4,0.46,0.439,1.3,1.7,0.75,0.5,1.9,2.4,1.3,1,0.2,1,2,7.2
230,Tyson Chandler,C,33,PHO,66,60,24.5,2.8,4.8,0.583,0,0,0,2.8,4.7,0.585,0.583,1.6,2.6,0.62,2.7,6.1,8.7,1,0.5,0.7,1.4,2.2,7.2
231,Mike Dunleavy,SF,35,CHI,31,30,22.7,2.5,6.1,0.41,1.3,3.2,0.394,1.2,2.9,0.427,0.513,0.9,1.2,0.784,0.3,2.4,2.7,1.3,0.5,0.3,0.8,2.1,7.2
232,James Ennis,SF,25,TOT,22,5,15,2.5,5.1,0.478,1.2,2.6,0.448,1.3,2.5,0.509,0.593,1.1,1.5,0.735,1,1,1.9,1,0.7,0.2,0.9,1.3,7.2
233,Danny Green,SG,28,SAS,79,79,26.1,2.7,7.1,0.376,1.5,4.4,0.332,1.2,2.7,0.448,0.48,0.4,0.6,0.739,0.6,3.2,3.8,1.8,1,0.8,0.9,1.8,7.2
234,Jason Smith,C,29,ORL,76,2,15.5,3.2,6.6,0.485,0.1,0.2,0.25,3.2,6.4,0.493,0.489,0.7,0.9,0.806,0.7,2.2,2.9,0.8,0.4,0.9,0.8,2.1,7.2
235,Aaron Brooks,PG,31,CHI,69,0,16.1,2.7,6.8,0.401,1,2.7,0.357,1.8,4.1,0.43,0.471,0.7,0.9,0.766,0.3,1.2,1.5,2.6,0.4,0.1,1.2,1.9,7.1
236,Marreese Speights,C,28,GSW,72,0,11.6,2.7,6.3,0.432,0.3,0.9,0.387,2.4,5.5,0.439,0.458,1.3,1.6,0.825,1.1,2.3,3.3,0.8,0.3,0.5,0.9,1.6,7.1
237,David West,PF,35,SAS,78,19,18,3.1,5.7,0.545,0,0.1,0.429,3.1,5.7,0.546,0.548,0.8,1,0.788,0.9,3,4,1.8,0.6,0.7,0.9,1.8,7.1
238,Luke Babbitt,SF,26,NOP,47,13,18,2.6,6.1,0.422,0.9,2.3,0.404,1.7,3.8,0.433,0.498,0.8,1.1,0.78,0.5,2.6,3.1,1.1,0.2,0.1,0.5,1.9,7
239,Clint Capela,C,21,HOU,77,35,19.1,3,5.2,0.582,0,0,0,3,5.1,0.583,0.582,1,2.7,0.379,2.5,3.9,6.4,0.6,0.8,1.2,0.8,2.5,7
240,Willie Cauley-Stein,C,22,SAC,66,39,21.4,2.9,5.1,0.563,0,0,0,2.9,5.1,0.567,0.563,1.2,1.9,0.648,2,3.3,5.3,0.6,0.7,1,0.7,2.2,7
241,Festus Ezeli,C,26,GSW,46,13,16.7,2.7,5,0.548,0,0,,2.7,5,0.548,0.548,1.5,2.9,0.53,2,3.6,5.6,0.7,0.4,1.1,0.8,2,7
242,John Henson,C,25,MIL,57,1,16.8,2.9,5.1,0.564,0,0,0,2.9,5.1,0.566,0.564,1.2,2.1,0.59,1.5,2.4,3.9,0.9,0.3,1.9,1.1,2.3,7
243,Andre Iguodala,SF,32,GSW,65,1,26.6,2.7,5.7,0.478,0.8,2.4,0.351,1.9,3.3,0.57,0.552,0.8,1.3,0.614,0.8,3.2,4,3.4,1.1,0.3,1.2,1.6,7
244,Bobby Portis,PF,20,CHI,62,4,17.8,3,7,0.427,0.3,0.8,0.308,2.7,6.2,0.443,0.445,0.8,1.1,0.727,2,3.5,5.4,0.8,0.4,0.4,0.9,1.6,7
245,Donald Sloan,PG,28,BRK,61,33,21.6,2.5,5.7,0.44,0.6,1.6,0.384,1.9,4.1,0.462,0.494,1.3,1.7,0.75,0.3,2.6,2.8,4.4,0.5,0.1,1.3,1.2,7
246,Brandon Jennings,PG,26,TOT,48,7,18.1,2.3,6.3,0.368,1.1,3.2,0.329,1.3,3.1,0.409,0.452,1.2,1.6,0.731,0.3,1.7,2,3.5,0.6,0.1,1.2,1.2,6.9
247,Wesley Johnson,SF,28,LAC,80,9,20.8,2.6,6.4,0.404,1.3,3.9,0.333,1.3,2.6,0.51,0.504,0.4,0.6,0.652,0.5,2.6,3.1,0.6,1.1,0.7,0.7,2.2,6.9
248,Andrew Nicholson,PF,26,ORL,56,0,14.7,2.6,5.5,0.471,0.7,2,0.36,1.9,3.5,0.536,0.537,0.9,1.2,0.785,0.6,3,3.6,0.4,0.2,0.4,0.7,1.2,6.9
249,Patrick Patterson,PF,26,TOR,79,0,25.6,2.6,6.2,0.414,1.3,3.7,0.362,1.2,2.5,0.49,0.521,0.4,0.4,0.853,1,3.4,4.3,1.2,0.7,0.4,0.8,1.6,6.9
250,Brandan Wright,PF,28,MEM,12,2,17.7,2.9,4.3,0.673,0,0,,2.9,4.3,0.673,0.673,1.1,2,0.542,1.2,2.4,3.6,0.5,0.4,1.3,0.8,1.8,6.9
251,Seth Curry,PG,25,SAC,44,9,15.7,2.3,5.1,0.455,1.1,2.5,0.45,1.2,2.6,0.46,0.567,1,1.2,0.833,0.2,1.2,1.4,1.5,0.5,0.1,0.8,0.9,6.8
252,Kosta Koufos,C,26,SAC,78,14,19,3,5.7,0.532,0,0,,3,5.7,0.532,0.532,0.7,1.3,0.548,2.2,3.3,5.4,0.4,0.5,0.9,0.6,2.4,6.8
253,Andrea Bargnani,C,30,BRK,46,0,13.8,2.8,6.1,0.455,0.1,0.3,0.188,2.7,5.7,0.471,0.461,1,1.2,0.825,0.6,1.5,2.1,0.4,0.1,0.2,0.6,1.3,6.6
254,Vince Carter,SG,39,MEM,60,3,16.8,2.2,5.7,0.388,1,2.8,0.349,1.2,2.9,0.425,0.474,1.2,1.4,0.833,0.5,1.9,2.4,0.9,0.6,0.3,0.6,1.7,6.6
255,Josh Richardson,SG,22,MIA,52,2,21.3,2.4,5.2,0.452,1,2.2,0.461,1.3,3,0.446,0.55,0.8,1.2,0.667,0.4,1.7,2.1,1.4,0.7,0.5,0.7,2.1,6.6
256,Ed Davis,PF,26,POR,81,0,20.8,2.5,4.2,0.611,0,0,,2.5,4.2,0.611,0.611,1.4,2.5,0.559,2.8,4.6,7.4,1.1,0.7,0.9,0.8,2.5,6.5
257,Kris Humphries,PF,30,TOT,53,17,15.8,2.3,5.6,0.41,0.6,2,0.315,1.6,3.5,0.465,0.468,1.3,1.6,0.798,1.1,3,4.1,0.7,0.3,0.4,0.7,1.8,6.5
258,Henry Sims,C,25,BRK,14,4,18.8,2.4,5.5,0.429,0,0,,2.4,5.5,0.429,0.429,1.8,2.1,0.833,1.5,3.6,5.1,0.6,0.6,1,0.9,2.6,6.5
259,Leandro Barbosa,SG,33,GSW,68,0,15.9,2.5,5.4,0.462,0.6,1.6,0.355,1.9,3.8,0.508,0.515,0.8,0.9,0.839,0.4,1.3,1.7,1.2,0.6,0.1,0.8,1.6,6.4
260,Boris Diaw,PF,33,SAS,76,4,18.2,2.7,5,0.527,0.3,0.9,0.362,2.3,4.1,0.564,0.56,0.7,1,0.737,0.8,2.3,3.1,2.3,0.3,0.3,1.3,1.3,6.4
261,Tim Hardaway,SG,23,ATL,51,1,16.9,2.2,5.2,0.43,0.9,2.8,0.338,1.3,2.4,0.537,0.521,1,1.1,0.893,0.1,1.5,1.7,1,0.4,0.1,0.5,0.9,6.4
262,Maurice Harkless,SF,22,POR,78,14,18.7,2.5,5.3,0.474,0.5,1.8,0.279,2,3.5,0.576,0.522,0.9,1.4,0.622,1.3,2.3,3.6,0.9,0.6,0.4,0.8,1.6,6.4
263,Thabo Sefolosha,SF,31,ATL,75,11,23.4,2.5,5,0.505,0.6,1.7,0.339,1.9,3.3,0.589,0.562,0.8,1.3,0.626,0.7,3.8,4.5,1.4,1.1,0.5,0.9,1.5,6.4
264,Justise Winslow,SF,19,MIA,78,8,28.6,2.5,5.9,0.422,0.4,1.5,0.276,2.1,4.4,0.471,0.457,1,1.5,0.684,1,4.1,5.2,1.5,0.9,0.3,1.2,2.4,6.4
265,Aron Baynes,C,29,DET,81,1,15.2,2.4,4.7,0.505,0,0,0,2.4,4.7,0.508,0.505,1.6,2,0.764,1.7,3,4.7,0.6,0.3,0.6,0.8,1.9,6.3
266,Shaun Livingston,PG,30,GSW,78,3,19.5,2.6,4.9,0.536,0,0.2,0.167,2.6,4.7,0.548,0.538,1,1.2,0.86,0.5,1.6,2.2,3,0.7,0.3,1,1.8,6.3
267,Timofey Mozgov,C,29,CLE,76,48,17.4,2.7,4.7,0.565,0,0.1,0.143,2.7,4.6,0.574,0.567,0.9,1.3,0.716,1.4,3,4.4,0.4,0.3,0.8,0.9,2.1,6.3
268,P.J. Hairston,SF,23,TOT,66,52,19.9,2.2,6.2,0.355,1.1,3.7,0.29,1.1,2.5,0.449,0.441,0.8,1,0.781,0.4,2.3,2.6,0.6,0.5,0.2,0.6,2.1,6.2
269,Donatas Motiejunas,PF,25,HOU,37,22,14.8,2.4,5.5,0.439,0.4,1.5,0.281,2,4,0.5,0.478,0.9,1.4,0.642,1,1.9,2.9,1.1,0.5,0.1,1.2,1.9,6.2
270,Mike Scott,PF,27,ATL,75,0,15.3,2.3,5,0.468,0.8,2.1,0.392,1.5,2.9,0.523,0.551,0.7,0.8,0.794,0.7,2,2.7,1,0.3,0.2,0.6,1.4,6.2
271,Dante Cunningham,SF,28,NOP,80,46,24.6,2.3,5.2,0.451,0.7,2.2,0.316,1.6,3,0.55,0.518,0.7,1,0.695,0.7,2.2,3,1,0.5,0.4,0.5,2.2,6.1
272,Channing Frye,PF-C,32,TOT,70,32,17.1,2.2,5,0.438,1.3,3.4,0.387,0.9,1.6,0.545,0.569,0.4,0.5,0.857,0.5,2.8,3.3,1,0.4,0.4,0.6,1.8,6.1
273,Mario Hezonja,SF,20,ORL,79,9,17.9,2.3,5.3,0.433,0.8,2.4,0.349,1.4,2.9,0.504,0.513,0.6,0.7,0.907,0.4,1.9,2.2,1.4,0.5,0.2,1.2,1.6,6.1
274,Trey Lyles,PF,20,UTA,80,33,17.3,2.4,5.5,0.438,0.6,1.6,0.383,1.8,3.9,0.461,0.494,0.7,1,0.695,0.7,3,3.7,0.7,0.3,0.2,0.8,1.4,6.1
275,T.J. McConnell,PG,23,PHI,81,17,19.8,2.7,5.7,0.47,0.4,1.1,0.348,2.3,4.6,0.499,0.503,0.3,0.5,0.634,0.5,2.6,3.1,4.5,1.2,0.1,1.7,1.4,6.1
276,Paul Pierce,SF,38,LAC,68,38,18.1,2.1,5.8,0.363,1.1,3.6,0.31,1,2.3,0.445,0.457,0.8,1,0.818,0.2,2.6,2.7,1,0.5,0.3,0.9,1.9,6.1
277,Tyler Zeller,C,26,BOS,60,3,11.8,2.3,4.8,0.476,0,0,,2.3,4.8,0.476,0.476,1.5,1.8,0.815,1,1.9,3,0.5,0.2,0.4,0.8,1.6,6.1
278,Alexis Ajinca,C,27,NOP,59,17,14.6,2.5,5.3,0.476,0,0,0,2.5,5.3,0.478,0.476,0.9,1.1,0.839,1.3,3.3,4.6,0.5,0.3,0.6,0.9,2.3,6
279,Duje Dukan,SF,24,SAC,1,0,24,2,10,0.2,2,5,0.4,0,5,0,0.3,0,0,,2,2,4,1,1,0,0,2,6
280,Spencer Hawes,PF,27,CHO,57,6,18.2,2.2,5.4,0.405,0.7,1.8,0.373,1.5,3.6,0.422,0.467,0.9,1.1,0.831,0.9,3.4,4.3,1.9,0.4,0.5,1,1.9,6
281,Jonathon Simmons,SG,26,SAS,55,2,14.8,2.2,4.4,0.504,0.3,0.9,0.383,1.9,3.5,0.533,0.541,1.3,1.7,0.75,0.3,1.5,1.7,1.1,0.4,0.1,1,1.9,6
282,Josh Smith,PF,30,TOT,55,7,16,2.3,6.3,0.364,0.7,2.6,0.287,1.6,3.7,0.417,0.423,0.7,1.2,0.552,0.9,2.6,3.5,1.6,0.6,0.9,1.4,2.1,6
283,Trevor Booker,PF,28,UTA,79,2,20.7,2.4,4.9,0.49,0.2,0.5,0.293,2.3,4.4,0.513,0.505,0.9,1.3,0.67,2.1,3.6,5.7,1.1,0.7,0.5,1,2.1,5.9
284,Markel Brown,SG,24,BRK,62,6,15.8,2,5.2,0.394,0.6,2,0.314,1.4,3.2,0.443,0.453,1.1,1.5,0.755,0.4,1.6,2,1.5,0.6,0.2,0.9,1.5,5.9
285,Randy Foye,SG,32,TOT,81,8,20.3,2.1,6,0.351,0.9,3.1,0.3,1.2,2.9,0.405,0.428,0.8,0.9,0.824,0.3,1.6,1.9,2,0.5,0.4,1.1,1.6,5.9
286,Roy Hibbert,C,29,LAL,81,81,23.2,2.2,5.1,0.443,0,0,0,2.2,5,0.445,0.443,1.4,1.8,0.807,1.6,3.3,4.9,1.2,0.4,1.4,0.9,3.1,5.9
287,J.J. Hickson,C,27,TOT,35,9,12.5,2.3,4.4,0.516,0,0,0,2.3,4.4,0.519,0.516,1.3,2.9,0.447,1.1,2.7,3.8,0.7,0.4,0.4,0.7,1.3,5.9
288,Raul Neto,PG,23,UTA,81,53,18.5,2.2,5.2,0.431,0.8,2,0.395,1.4,3.2,0.453,0.507,0.6,0.9,0.743,0.2,1.3,1.5,2.1,0.8,0,1.3,1.5,5.9
289,Jason Terry,SG,38,HOU,72,7,17.5,2.1,5.2,0.402,1.3,3.6,0.356,0.8,1.6,0.504,0.525,0.4,0.5,0.818,0.2,0.9,1.1,1.4,0.7,0.1,0.7,1.3,5.9
290,Rondae Hollis-Jefferson,SF,21,BRK,29,17,21.2,2.2,4.8,0.457,0.1,0.5,0.286,2,4.3,0.476,0.471,1.3,1.8,0.712,1.3,4,5.3,1.5,1.3,0.6,0.9,2.1,5.8
291,Dwight Powell,PF,24,DAL,69,2,14.4,2.1,4.3,0.493,0,0.2,0.125,2.1,4.1,0.514,0.497,1.5,2.1,0.739,1.2,2.7,4,0.6,0.5,0.3,0.6,1.7,5.8
292,Iman Shumpert,SG,25,CLE,54,5,24.4,2.1,5.6,0.374,0.8,2.7,0.295,1.3,2.9,0.447,0.444,0.7,0.9,0.784,0.6,3.2,3.8,1.7,1,0.4,1.1,2.2,5.8
293,Amar'e Stoudemire,C,33,MIA,52,36,14.7,2.4,4.3,0.566,0,0,,2.4,4.3,0.566,0.566,1,1.3,0.746,1.3,3,4.3,0.5,0.3,0.8,0.9,1.8,5.8
294,Ty Lawson,PG,28,TOT,66,13,21.4,2.1,5.4,0.393,0.5,1.6,0.333,1.6,3.7,0.419,0.444,0.9,1.3,0.686,0.4,1.4,1.8,3.6,0.8,0.1,1.4,1.3,5.7
295,Jarell Martin,PF,21,MEM,27,0,14.1,2,4.3,0.466,0,0.1,0,2,4.2,0.474,0.466,1.7,2.3,0.726,1.4,1.7,3.2,0.6,0.3,0.3,0.7,2.1,5.7
296,Xavier Munford,SG,23,MEM,14,0,17.4,2.3,5.5,0.416,0.6,1.6,0.391,1.6,3.9,0.426,0.474,0.5,1,0.5,0.2,2,2.2,1.6,0.9,0.2,1.1,1.8,5.7
297,Greivis Vasquez,PG,29,MIL,23,0,20,2,6,0.326,0.8,3.2,0.247,1.2,2.8,0.415,0.391,1,1.1,0.846,0.2,1.8,2,4,0.4,0,1.7,1.8,5.7
298,Troy Daniels,SG,24,CHO,43,0,11.1,2.1,4.3,0.476,1.4,2.8,0.484,0.7,1.5,0.462,0.634,0.1,0.2,0.556,0.2,1.2,1.3,0.5,0.3,0.1,0.6,0.9,5.6
299,Bryce Dejean-Jones,SG,23,NOP,14,11,19.9,2,4.9,0.406,0.9,2.3,0.375,1.1,2.6,0.432,0.493,0.8,1.5,0.524,0.6,2.9,3.4,1.1,0.7,0.1,0.8,1.2,5.6
300,Jerian Grant,PG,23,NYK,76,6,16.6,2,5.1,0.394,0.3,1.3,0.22,1.7,3.8,0.454,0.422,1.3,1.6,0.78,0.3,1.6,1.9,2.3,0.7,0.1,1.1,1.3,5.6
301,Richaun Holmes,PF,22,PHI,51,1,13.8,2.2,4.4,0.514,0.2,0.9,0.182,2.1,3.5,0.596,0.532,1,1.5,0.689,1.2,1.4,2.6,0.6,0.4,0.8,0.6,1.8,5.6
302,Anthony Morrow,SG,30,OKC,68,6,13.6,2,4.9,0.408,1.2,3,0.387,0.8,1.9,0.442,0.527,0.4,0.6,0.744,0.1,0.8,0.9,0.4,0.3,0.1,0.3,0.9,5.6
303,Norman Powell,SG,22,TOR,49,24,14.8,2,4.7,0.424,0.7,1.8,0.404,1.2,2.9,0.436,0.502,0.9,1.1,0.811,0.3,1.9,2.3,1,0.6,0.2,0.7,1.2,5.6
304,Tiago Splitter,C,31,ATL,36,2,16.1,2.3,4.3,0.523,0,0.1,0,2.3,4.3,0.529,0.523,1.1,1.3,0.813,1.3,2.1,3.3,0.8,0.6,0.3,0.7,2,5.6
305,Cole Aldrich,C,27,LAC,60,5,13.3,2.2,3.8,0.596,0,0,,2.2,3.8,0.596,0.596,1,1.4,0.714,1.4,3.4,4.8,0.8,0.8,1.1,1.1,2.3,5.5
306,Bismack Biyombo,C,23,TOR,82,22,22,1.9,3.5,0.542,0,0,0,1.9,3.5,0.544,0.542,1.7,2.8,0.628,2.2,5.8,8,0.4,0.2,1.6,0.9,2.7,5.5
307,Richard Jefferson,SF,35,CLE,74,5,17.9,1.9,4.2,0.458,0.9,2.3,0.382,1,1.9,0.554,0.564,0.8,1.2,0.667,0.2,1.5,1.7,0.8,0.4,0.2,0.6,1.7,5.5
308,Boban Marjanovic,C,27,SAS,54,4,9.4,1.9,3.2,0.603,0,0,,1.9,3.2,0.603,0.603,1.6,2.1,0.763,1.4,2.2,3.6,0.4,0.2,0.4,0.5,1,5.5
309,Larry Nance Jr.,PF,23,LAL,63,22,20.1,2.5,4.8,0.527,0,0.2,0.1,2.5,4.6,0.541,0.528,0.5,0.7,0.681,1.6,3.3,5,0.7,0.9,0.4,0.7,2,5.5
310,Lavoy Allen,PF,26,IND,79,28,20.2,2.4,4.7,0.516,0,0,,2.4,4.7,0.516,0.516,0.6,0.9,0.63,2.1,3.3,5.4,1,0.3,0.5,0.9,1.9,5.4
311,Andrew Bogut,C,31,GSW,70,66,20.7,2.5,4,0.627,0,0,1,2.5,4,0.626,0.629,0.3,0.7,0.48,1.7,5.3,7,2.3,0.5,1.6,1.2,3.2,5.4
312,Ronnie Price,PG,32,PHO,62,18,19.5,1.9,4.9,0.384,1.1,3.2,0.347,0.8,1.7,0.453,0.497,0.5,0.7,0.756,0.4,1.2,1.6,2.4,1.2,0.2,1.1,2.6,5.3
313,Tony Snell,SF,24,CHI,64,33,20.3,2,5.3,0.372,0.9,2.4,0.361,1.1,2.9,0.38,0.454,0.5,0.5,0.909,0.3,2.8,3.1,1,0.3,0.3,0.8,1.6,5.3
314,Anthony Tolliver,PF,30,DET,72,5,18.6,1.8,4.6,0.386,1.4,3.8,0.36,0.4,0.8,0.5,0.533,0.4,0.7,0.617,0.5,2.6,3.2,0.7,0.4,0.2,0.4,1.2,5.3
315,Quincy Acy,PF,25,SAC,59,29,14.8,2,3.6,0.556,0.3,0.8,0.388,1.7,2.8,0.606,0.6,0.8,1.2,0.735,1.1,2.1,3.2,0.5,0.5,0.4,0.5,1.7,5.2
316,Nemanja Bjelica,PF,27,MIN,60,0,17.9,1.8,3.9,0.468,0.8,2.1,0.384,1,1.8,0.564,0.57,0.7,0.9,0.727,0.8,2.7,3.5,1.4,0.4,0.4,0.8,2.6,5.1
317,Tim Frazier,PG,25,TOT,51,2,14.5,1.9,4.5,0.419,0.3,0.9,0.333,1.6,3.5,0.442,0.454,1,1.5,0.716,0.5,1.6,2.2,3.2,0.6,0,1.3,1.4,5.1
318,JaVale McGee,C,28,DAL,34,2,10.9,2.3,3.9,0.575,0,0,0,2.3,3.9,0.579,0.575,0.5,1.1,0.5,1.6,2.4,3.9,0.1,0.1,0.8,0.6,1.4,5.1
319,Miles Plumlee,C,27,MIL,61,14,14.3,2.3,3.8,0.601,0,0,,2.3,3.8,0.601,0.601,0.6,1,0.576,1.5,2.3,3.8,0.3,0.3,0.8,0.7,1.2,5.1
320,JaKarr Sampson,SF,22,TOT,73,40,15.9,1.9,4.3,0.442,0.2,0.9,0.222,1.7,3.5,0.496,0.464,1.1,1.7,0.656,0.6,2,2.6,0.6,0.3,0.5,1,1.9,5.1
321,Charlie Villanueva,PF,31,DAL,62,4,10.7,2,5.3,0.382,0.8,2.8,0.273,1.3,2.5,0.503,0.454,0.4,0.4,0.917,0.4,2.1,2.5,0.4,0.3,0.2,0.5,1.1,5.1
322,Alan Anderson,SG,33,WAS,13,0,14.8,1.6,4.5,0.356,0.9,2.8,0.324,0.7,1.7,0.409,0.458,0.8,1.2,0.733,0.1,2,2.1,1.1,0.3,0.1,0.2,1.9,5
323,James Johnson,PF,28,TOR,57,32,16.2,2,4.2,0.475,0.4,1.2,0.303,1.6,3.1,0.54,0.517,0.7,1.2,0.574,0.5,1.7,2.2,1.2,0.5,0.6,0.9,1.5,5
324,Cameron Payne,PG,21,OKC,57,1,12.2,2,4.9,0.41,0.6,1.9,0.324,1.4,2.9,0.467,0.475,0.3,0.4,0.792,0.2,1.3,1.5,1.9,0.6,0.1,0.8,1.4,5
325,Metta World Peace,SF,36,LAL,35,5,16.9,1.6,5.1,0.311,0.7,2.4,0.31,0.8,2.7,0.312,0.384,1.1,1.6,0.702,0.5,2,2.5,0.8,0.6,0.3,0.4,1.9,5
326,Sasha Vujacic,SG,31,NYK,61,25,14.9,1.7,4.5,0.383,0.9,2.3,0.364,0.9,2.2,0.403,0.477,0.5,0.6,0.821,0.4,2,2.4,1.4,0.6,0.1,0.7,1.4,4.9
327,Spencer Dinwiddie,PG,22,DET,12,0,13.3,1.6,4.5,0.352,0.1,0.8,0.1,1.5,3.7,0.409,0.361,1.6,2.8,0.576,0.3,1.1,1.4,1.8,0.3,0,0.6,1.7,4.8
328,Kyle O'Quinn,PF,25,NYK,65,1,11.8,2,4.2,0.476,0.1,0.3,0.227,1.9,3.8,0.498,0.485,0.7,0.9,0.767,1.2,2.7,3.8,1.1,0.3,0.8,0.9,1.6,4.8
329,Andre Roberson,SG,24,OKC,70,70,22.2,1.9,3.9,0.496,0.5,1.5,0.311,1.5,2.4,0.608,0.555,0.5,0.8,0.611,1.1,2.5,3.6,0.7,0.8,0.6,0.5,1.9,4.8
330,Chris McCullough,PF,20,BRK,24,4,15.1,1.8,4.5,0.404,0.5,1.4,0.382,1.3,3.1,0.413,0.463,0.5,1,0.478,1,1.8,2.8,0.4,1.2,0.5,0.6,1.6,4.7
331,Willie Reed,PF,25,BRK,39,2,10.9,1.9,3.4,0.571,0,0,,1.9,3.4,0.571,0.571,0.8,1.4,0.545,1.3,1.9,3.1,0.3,0.2,0.8,0.4,1.2,4.7
332,Beno Udrih,PG,33,TOT,44,5,16.1,2,4.5,0.434,0.3,1,0.341,1.6,3.5,0.461,0.472,0.4,0.5,0.9,0.2,1.5,1.6,2.6,0.3,0,1.2,1.2,4.7
333,Kyle Anderson,SF,22,SAS,78,11,16,1.8,3.8,0.468,0.2,0.5,0.324,1.6,3.3,0.488,0.488,0.8,1.1,0.747,0.3,2.8,3.1,1.6,0.8,0.4,0.8,1.2,4.5
334,Tyler Ennis,PG,21,MIL,46,7,14.2,1.8,4.1,0.449,0.3,0.8,0.333,1.5,3.2,0.48,0.484,0.5,0.7,0.735,0.3,1.3,1.6,2.1,0.5,0,1,1.4,4.5
335,Alonzo Gee,SF,28,NOP,73,38,22.4,1.8,3.5,0.518,0.2,0.8,0.283,1.6,2.7,0.59,0.551,0.6,0.9,0.667,0.8,2.5,3.4,1,0.9,0.2,0.8,2.3,4.5
336,Justin Holiday,SG,26,TOT,53,5,14.6,1.7,4.3,0.386,0.7,2,0.343,1,2.3,0.423,0.465,0.5,0.7,0.73,0.2,1.5,1.7,1.1,0.6,0.4,0.7,1.2,4.5
337,Marcelo Huertas,PG,32,LAL,53,0,16.4,1.8,4.3,0.422,0.3,1.2,0.262,1.5,3.2,0.479,0.457,0.5,0.5,0.931,0.3,1.4,1.7,3.4,0.5,0.1,1.5,1.4,4.5
338,Jordan McRae,PG,24,TOT,22,1,8.9,1.5,3.5,0.436,0.5,1,0.455,1.1,2.5,0.429,0.5,1,1.3,0.75,0.2,0.7,0.9,1.1,0.1,0,0.7,0.8,4.5
339,Nikola Pekovic,C,30,MIN,12,3,13,1.6,4.2,0.38,0,0,,1.6,4.2,0.38,0.38,1.3,1.7,0.8,0.6,1.2,1.8,0.9,0.1,0,0.8,1.8,4.5
340,Steve Blake,PG,35,DET,58,2,17,1.6,4.1,0.388,0.9,2.6,0.344,0.7,1.5,0.461,0.496,0.3,0.3,0.8,0.2,1.4,1.5,3.4,0.4,0.1,1.4,1.2,4.4
341,Dewayne Dedmon,C,26,ORL,58,20,12.2,1.7,3.1,0.559,0,0,,1.7,3.1,0.559,0.559,1,1.3,0.75,1.2,2.8,3.9,0.2,0.4,0.8,0.6,1.9,4.4
342,Jonas Jerebko,PF,28,BOS,78,0,15.1,1.5,3.7,0.413,0.6,1.4,0.398,1,2.3,0.421,0.488,0.8,1,0.782,1,2.7,3.7,0.8,0.3,0.3,0.7,1.8,4.4
343,Briante Weber,PG,23,TOT,7,4,24.1,2,5.6,0.359,0,0.7,0,2,4.9,0.412,0.359,0.4,0.6,0.75,1.1,2.4,3.6,3,1.3,0.4,1.3,1.7,4.4
344,Joakim Noah,C,30,CHI,29,2,21.9,1.8,4.6,0.383,0,0,0,1.8,4.6,0.386,0.383,0.8,1.6,0.489,3,5.8,8.8,3.8,0.6,1,1.8,2.7,4.3
345,Thomas Robinson,PF,24,BRK,71,7,12.9,1.8,4.1,0.447,0,0,0,1.8,4.1,0.448,0.447,0.7,1.5,0.431,1.9,3.1,5.1,0.6,0.5,0.5,1,1.6,4.3
346,C.J. Watson,PG,31,ORL,33,2,19.9,1.4,4.2,0.343,0.4,1.5,0.292,1,2.7,0.371,0.394,1,1.2,0.872,0.3,1.7,2,2.7,0.6,0.2,0.8,1.5,4.3
347,Jeff Withey,C,25,UTA,51,10,12.9,1.7,3.2,0.537,0,0,0,1.7,3.1,0.544,0.537,0.8,1.2,0.729,1.1,2.3,3.4,0.4,0.4,1,0.5,1.5,4.3
348,Solomon Hill,SF,24,IND,59,3,14.7,1.6,3.5,0.447,0.4,1.3,0.324,1.2,2.3,0.515,0.505,0.6,0.7,0.857,0.7,2.2,2.8,1,0.6,0.2,0.6,1.2,4.2
349,Joe Ingles,SF,28,UTA,81,2,15.3,1.5,3.6,0.426,1,2.6,0.386,0.5,1,0.531,0.565,0.2,0.2,0.722,0.2,1.6,1.9,1.2,0.7,0,0.8,1.2,4.2
350,Tyus Jones,PG,19,MIN,37,0,15.5,1.5,4.2,0.359,0.4,1.4,0.302,1.1,2.8,0.388,0.41,0.8,1.1,0.718,0.2,1.1,1.3,2.9,0.8,0.1,0.9,0.9,4.2
351,Ryan Kelly,PF,24,LAL,36,0,13.1,1.5,4.1,0.369,0.1,1,0.135,1.4,3.1,0.446,0.386,1,1.5,0.685,0.6,2.8,3.4,0.6,0.4,0.3,0.5,1.1,4.2
352,Brandon Rush,SG,30,GSW,72,25,14.7,1.5,3.6,0.427,0.9,2.2,0.414,0.6,1.4,0.447,0.552,0.3,0.4,0.643,0.3,2.2,2.5,0.8,0.3,0.3,0.5,0.8,4.2
353,Elton Brand,C,36,PHI,17,1,13.2,1.8,4.2,0.431,0,0.1,0,1.8,4.2,0.437,0.431,0.5,0.5,0.889,0.5,3.2,3.7,1.1,0.5,0.5,0.6,1.9,4.1
354,Chase Budinger,SF,27,TOT,66,2,14.1,1.6,3.6,0.435,0.4,1.3,0.279,1.2,2.3,0.523,0.485,0.6,0.8,0.696,0.7,1.6,2.3,1,0.5,0.2,0.7,0.9,4.1
355,John Jenkins,SG,24,TOT,43,3,11.2,1.7,3.7,0.444,0.4,1.2,0.314,1.3,2.5,0.505,0.494,0.5,0.6,0.833,0.2,1.1,1.3,0.8,0.2,0,0.6,0.5,4.1
356,Omer Asik,C,29,NOP,68,64,17.3,1.5,2.9,0.533,0,0,,1.5,2.9,0.533,0.533,0.9,1.6,0.545,1.8,4.3,6.1,0.4,0.3,0.3,0.9,1.8,4
357,Anthony Brown,SF,23,LAL,29,11,20.7,1.3,4.3,0.31,0.7,2.4,0.286,0.7,1.9,0.339,0.389,0.6,0.7,0.85,0.3,2.1,2.4,0.7,0.5,0.2,0.5,1.2,4
358,Rakeem Christmas,PF,24,IND,1,0,6,2,2,1,0,0,,2,2,1,1,0,0,,1,0,1,0,0,0,0,1,4
359,Darrun Hilliard,SG,22,DET,38,2,10.1,1.4,3.4,0.397,0.5,1.3,0.38,0.9,2.1,0.407,0.469,0.8,1.1,0.725,0.1,1.1,1.2,0.7,0.2,0,0.5,0.7,4
360,Brian Roberts,PG,30,TOT,51,0,9.2,1.5,3.2,0.448,0.3,0.8,0.357,1.2,2.4,0.48,0.494,0.8,0.9,0.894,0.1,0.7,0.8,1.1,0.2,0,0.5,0.7,4
361,Chris Andersen,C,37,TOT,27,15,14.9,1.4,2.7,0.528,0.1,0.5,0.286,1.3,2.1,0.586,0.556,0.9,1.3,0.694,1.3,2.3,3.6,0.4,0.6,0.5,0.3,1.1,3.9
362,Kevin Seraphin,C,26,NYK,48,0,11,1.8,4.3,0.41,0,0,0,1.8,4.2,0.414,0.41,0.4,0.5,0.826,0.6,2,2.6,1,0.2,0.8,0.9,1.4,3.9
363,Justin Anderson,SF,22,DAL,55,9,11.8,1.3,3.2,0.406,0.4,1.5,0.265,0.9,1.7,0.533,0.469,0.8,1,0.8,0.3,2.1,2.4,0.5,0.3,0.5,0.4,0.8,3.8
364,Glenn Robinson,SF,22,IND,45,4,11.3,1.4,3.4,0.43,0.3,0.8,0.378,1.1,2.5,0.447,0.477,0.6,0.9,0.692,0.3,1.2,1.5,0.6,0.4,0.2,0.4,0.5,3.8
365,Delon Wright,PG,23,TOR,27,1,8.5,1.3,3,0.45,0.2,0.5,0.385,1.1,2.5,0.463,0.481,1,1.3,0.743,0.3,1.1,1.4,1.1,0.3,0.1,0.6,0.3,3.8
366,Joe Young,PG,23,IND,41,0,9.4,1.5,4.1,0.367,0.2,1.1,0.217,1.3,3,0.423,0.396,0.5,0.6,0.8,0.1,1.1,1.2,1.6,0.4,0,0.8,0.7,3.8
367,Caron Butler,SF,35,SAC,17,1,10.4,1.5,3.5,0.424,0.2,1.1,0.167,1.3,2.4,0.537,0.449,0.6,0.7,0.833,0.3,1,1.3,0.6,0.5,0.1,0.2,1.1,3.7
368,Orlando Johnson,SG,26,TOT,7,1,14.4,1.3,4.9,0.265,0.3,1.4,0.2,1,3.4,0.292,0.294,0.9,1.1,0.75,0.6,1.6,2.1,0.3,0.4,0.4,0.6,1.3,3.7
369,James Jones,SF,35,CLE,48,0,9.6,1.2,3,0.408,0.9,2.2,0.394,0.4,0.8,0.447,0.553,0.4,0.5,0.808,0.2,0.9,1,0.3,0.2,0.2,0.3,1,3.7
370,Kendall Marshall,PG,24,PHI,30,6,13.3,1.4,3.9,0.364,0.5,1.6,0.327,0.9,2.3,0.391,0.432,0.3,0.4,0.692,0.1,0.9,0.9,2.4,0.5,0.1,1.4,1,3.7
371,Salah Mejri,C,29,DAL,34,6,11.7,1.4,2.3,0.628,0,0,0,1.4,2.3,0.636,0.628,0.8,1.4,0.587,1.2,2.4,3.6,0.3,0.2,1.1,0.7,1.6,3.7
372,Andre Miller,PG,39,TOT,39,4,11.8,1.5,2.7,0.557,0.1,0.2,0.25,1.5,2.5,0.582,0.566,0.6,0.8,0.75,0.3,1,1.3,2.2,0.4,0,0.9,1.2,3.7
373,Shabazz Napier,PG,24,ORL,55,0,10.9,1.2,3.7,0.338,0.6,1.9,0.327,0.6,1.8,0.351,0.423,0.6,0.8,0.733,0.2,0.8,1,1.8,0.4,0,0.8,0.7,3.7
374,Kelly Oubre,SF,20,WAS,63,9,10.7,1.4,3.3,0.427,0.4,1.3,0.316,1,2.1,0.492,0.486,0.5,0.8,0.633,0.4,1.7,2.1,0.2,0.3,0.1,0.5,1.6,3.7
375,Ian Clark,SG,24,GSW,66,1,8.8,1.3,3.1,0.441,0.5,1.3,0.357,0.9,1.8,0.5,0.515,0.4,0.5,0.824,0.2,0.8,1,1,0.3,0.2,0.7,0.9,3.6
376,Montrezl Harrell,PF,22,HOU,39,1,9.7,1.5,2.3,0.644,0,0,0,1.5,2.3,0.652,0.644,0.6,1.2,0.522,0.6,1,1.7,0.4,0.3,0.3,0.4,1.2,3.6
377,Josh McRoberts,PF,28,MIA,42,1,14.2,1.3,3.5,0.372,0.3,1.2,0.245,1,2.4,0.434,0.412,0.7,1,0.7,0.5,2,2.5,1.9,0.4,0.2,0.7,1.6,3.6
378,Axel Toupane,SF,23,DEN,21,0,14.5,1.2,3.3,0.357,0.6,1.9,0.325,0.6,1.4,0.4,0.45,0.6,0.8,0.765,0.4,1.1,1.5,0.7,0.3,0.3,0.3,1.9,3.6
379,Noah Vonleh,PF,20,POR,78,56,15.1,1.5,3.6,0.421,0.1,0.6,0.239,1.4,3,0.457,0.441,0.5,0.7,0.745,1.2,2.7,3.9,0.4,0.3,0.3,0.6,1.9,3.6
380,Christian Wood,PF,20,PHI,17,0,8.5,1.3,3.1,0.415,0.2,0.6,0.364,1.1,2.5,0.429,0.453,0.8,1.2,0.619,0.8,1.5,2.2,0.2,0.3,0.4,0.1,0.6,3.6
381,Jordan Adams,SG,21,MEM,2,0,7.5,1,3,0.333,0,0.5,0,1,2.5,0.4,0.333,1.5,2.5,0.6,0,1,1,1.5,1.5,0,1,1,3.5
382,James Anderson,SG,26,SAC,51,15,14.1,1.3,3.5,0.376,0.5,1.7,0.267,0.9,1.8,0.478,0.441,0.4,0.6,0.759,0.3,1.4,1.7,0.8,0.4,0.3,0.8,1.1,3.5
383,Robert Sacre,C,26,LAL,25,1,12.8,1.2,3,0.413,0,0,,1.2,3,0.413,0.413,1,1.5,0.658,1.3,1.6,2.9,0.6,0.2,0.4,0.5,1.7,3.5
384,Tarik Black,C,24,LAL,39,0,12.7,1.5,2.7,0.548,0,0,,1.5,2.7,0.548,0.548,0.5,1.2,0.422,1.1,2.9,4,0.4,0.4,0.5,0.6,2,3.4
385,Cristiano Felicio,C,23,CHI,31,4,10.4,1.3,2.3,0.556,0,0.1,0,1.3,2.2,0.588,0.556,0.8,1.1,0.714,1,2.3,3.3,0.8,0.2,0.4,0.4,1,3.4
386,Ryan Hollins,C,31,TOT,37,12,12.4,1.3,2.1,0.62,0,0,,1.3,2.1,0.62,0.62,0.7,1.1,0.619,1.3,1.4,2.6,0.3,0.2,0.6,0.6,1.7,3.4
387,Kyle Singler,SF,27,OKC,68,2,14.4,1.3,3.3,0.389,0.4,1.4,0.309,0.8,1.8,0.452,0.457,0.4,0.6,0.659,0.7,1.3,2.1,0.4,0.4,0.1,0.5,1.8,3.4
388,Reggie Bullock,SF,24,DET,37,0,11.6,1.2,2.6,0.439,0.6,1.4,0.415,0.6,1.2,0.467,0.551,0.4,0.4,0.933,0.4,1.5,1.8,0.7,0.3,0.1,0.2,0.8,3.3
389,Ray McCallum,PG,24,TOT,41,6,11.6,1.3,3.6,0.377,0.4,1,0.357,1,2.5,0.385,0.428,0.3,0.4,0.8,0.2,1,1.1,1.5,0.3,0.2,0.6,0.7,3.3
390,Mike Muscala,C,24,ATL,60,0,9.4,1.3,2.5,0.5,0.2,0.7,0.308,1.1,1.9,0.566,0.539,0.5,0.7,0.795,0.6,1.3,2,0.6,0.2,0.5,0.5,1.2,3.3
391,Phil Pressey,PG,24,TOT,23,0,12.3,1.3,3.4,0.385,0.2,0.8,0.222,1.1,2.6,0.433,0.41,0.6,1.1,0.52,0.1,1.2,1.3,3.3,0.8,0.2,1.4,1.2,3.3
392,Kevin Garnett,PF,39,MIN,38,38,14.6,1.4,3,0.47,0,0,0,1.4,3,0.474,0.47,0.4,0.6,0.667,0.4,3.6,3.9,1.6,0.7,0.3,0.4,1.8,3.2
393,Luc Mbah a Moute,PF,29,LAC,75,61,17,1.3,2.8,0.454,0.2,0.5,0.325,1.1,2.2,0.485,0.486,0.4,0.8,0.526,0.8,1.5,2.3,0.4,0.6,0.3,0.5,1.3,3.1
394,Jason Thompson,C,29,TOT,47,7,10,1.1,2.3,0.481,0.1,0.3,0.333,1,2,0.505,0.505,0.8,1.1,0.704,0.7,2.2,2.9,0.6,0.3,0.4,0.3,1.7,3.1
395,Rashad Vaughn,SG,19,MIL,70,6,14.3,1.2,3.8,0.305,0.6,2.1,0.293,0.5,1.7,0.319,0.385,0.2,0.2,0.8,0.2,1.1,1.3,0.6,0.4,0.2,0.4,1,3.1
396,Thanasis Antetokounmpo,SF,23,NYK,2,0,3,1.5,2,0.75,0,0.5,0,1.5,1.5,1,0.75,0,0,,0,0.5,0.5,0,0,0,0,1,3
397,Kirk Hinrich,PG,35,TOT,46,7,13.7,1.1,2.8,0.38,0.5,1.3,0.387,0.5,1.5,0.373,0.473,0.3,0.3,0.938,0.2,1.3,1.5,1.6,0.3,0,0.7,1.4,3
398,Johnny O'Bryant,PF,22,MIL,66,4,13,1.3,3.2,0.411,0,0,1,1.3,3.2,0.409,0.414,0.4,0.6,0.675,1,1.7,2.7,0.5,0.3,0.1,0.5,1.5,3
399,C.J. Wilcox,SG,25,LAC,23,0,7.3,1.1,2.9,0.394,0.4,1,0.391,0.7,1.9,0.395,0.462,0.4,0.5,0.75,0,0.5,0.5,0.4,0.4,0.1,0.1,0.7,3
400,Chris Johnson,SF,25,UTA,70,2,12.2,1,2.8,0.371,0.4,1.4,0.273,0.6,1.4,0.474,0.441,0.5,0.6,0.81,0.4,1.5,1.9,0.6,0.5,0.3,0.6,1.4,2.9
401,James Michael McAdoo,PF,23,GSW,41,1,6.4,1.1,2,0.536,0,0,0.5,1.1,2,0.537,0.542,0.6,1.2,0.531,0.7,0.7,1.4,0.4,0.2,0.2,0.4,1,2.9
402,Tayshaun Prince,SF,35,MIN,77,44,19,1.3,3,0.445,0.1,0.3,0.174,1.3,2.7,0.476,0.454,0.2,0.2,0.684,0.4,1.5,1.9,0.9,0.5,0.2,0.4,0.8,2.9
403,Alan Williams,PF,23,PHO,10,0,6.8,1,2.4,0.417,0,0,,1,2.4,0.417,0.417,0.9,1.4,0.643,1.4,2.4,3.8,0.5,0.4,0.5,0.6,1.5,2.9
404,Andrew Goudelock,PG,27,HOU,8,0,6.3,1.1,2.5,0.45,0.1,1.1,0.111,1,1.4,0.727,0.475,0.4,0.5,0.75,0.1,0.1,0.3,0.5,0.8,0.3,0.9,0.5,2.8
405,Josh Huestis,PF,24,OKC,5,0,11,1,2.4,0.417,0.8,1.2,0.667,0.2,1.2,0.167,0.583,0,0.8,0,0.4,1.6,2,0,0.2,0.4,0.6,0.6,2.8
406,Cory Jefferson,PF,25,PHO,8,0,6.3,1.1,2.8,0.409,0,0.1,0,1.1,2.6,0.429,0.409,0.5,0.8,0.667,0.8,1.3,2,0,0,0.1,0,1,2.8
407,Chris Kaman,C,33,POR,16,2,7,1.3,2.7,0.465,0.1,0.3,0.25,1.2,2.4,0.487,0.477,0.2,0.2,1,0.4,1.1,1.5,0.7,0.1,0.1,0.5,0.9,2.8
408,Alex Stepheson,PF,28,TOT,8,0,9.1,1.1,3.4,0.333,0,0,,1.1,3.4,0.333,0.333,0.5,1.5,0.333,2.4,1.1,3.5,0.3,0.1,0.6,0,1.5,2.8
409,Rasual Butler,SF,36,SAS,46,0,9.4,1.1,2.3,0.471,0.3,1.1,0.306,0.7,1.2,0.618,0.543,0.2,0.3,0.688,0.1,1.2,1.2,0.5,0.3,0.5,0.2,0.2,2.7
410,Jared Cunningham,SG,24,TOT,44,3,9.3,0.8,2.4,0.343,0.3,0.9,0.308,0.5,1.5,0.364,0.4,0.8,1.3,0.655,0.1,0.8,0.9,0.5,0.3,0,0.5,0.9,2.7
411,Drew Gooden,PF,34,WAS,30,0,10.2,1.1,3.4,0.32,0.2,1.4,0.171,0.9,2.1,0.419,0.354,0.3,0.5,0.643,0.9,1.9,2.8,0.4,0.3,0.4,0.4,1.3,2.7
412,R.J. Hunter,SG,22,BOS,36,0,8.8,1,2.7,0.367,0.5,1.8,0.302,0.5,1,0.486,0.464,0.2,0.2,0.857,0.1,1,1,0.4,0.4,0.1,0.3,0.8,2.7
413,Justin Harper,PF,26,DET,5,0,7,0.8,2,0.4,0.8,1.8,0.444,0,0.2,0,0.6,0.2,0.4,0.5,0,0.2,0.2,0,0.2,0,0.4,0.6,2.6
414,Kostas Papanikolaou,SF,25,DEN,26,6,11.3,0.9,2.5,0.364,0.4,1.2,0.313,0.5,1.3,0.412,0.439,0.3,0.5,0.643,0.3,1.2,1.5,0.6,0.5,0.2,0.8,0.9,2.6
415,Anderson Varejao,C,33,TOT,53,0,9.4,1,2.3,0.427,0,0,0,1,2.3,0.431,0.427,0.6,0.9,0.64,0.7,2,2.7,0.7,0.3,0.2,0.4,1.3,2.6
416,Matt Bonner,C,35,SAS,30,2,6.9,1,1.9,0.509,0.5,1.1,0.441,0.5,0.8,0.609,0.64,0.1,0.1,0.75,0.1,0.8,0.9,0.3,0.2,0,0.1,0.5,2.5
417,Lorenzo Brown,PG,25,PHO,8,0,7.6,1,3.1,0.32,0.1,1,0.125,0.9,2.1,0.412,0.34,0.4,0.5,0.75,0,0.9,0.9,1.4,0.4,0.1,1.1,0.5,2.5
418,Adreian Payne,PF,24,MIN,52,2,9.3,1,2.8,0.366,0.2,0.6,0.281,0.8,2.2,0.389,0.397,0.3,0.5,0.654,0.4,1.8,2.1,0.6,0.3,0.2,0.7,1.5,2.5
419,Kendrick Perkins,C,31,NOP,37,5,14.6,1.1,2,0.533,0,0,,1.1,2,0.533,0.533,0.3,0.7,0.44,0.7,2.8,3.5,0.8,0.3,0.3,1.1,1.7,2.5
420,Pablo Prigioni,PG,38,LAC,59,3,13.9,0.9,2.5,0.374,0.5,1.6,0.295,0.5,0.9,0.519,0.469,0.1,0.1,0.875,0.6,1.3,1.9,2.2,0.9,0,0.8,1.4,2.5
421,Sonny Weems,SG-SF,29,TOT,43,0,11.6,1,2.6,0.382,0.3,1,0.366,0.6,1.6,0.391,0.45,0.2,0.3,0.533,0.2,1.1,1.2,1.1,0.2,0,1,1.1,2.5
422,Jarell Eddie,SF,24,WAS,26,0,5.7,0.8,2.5,0.308,0.6,1.8,0.319,0.2,0.7,0.278,0.423,0.3,0.3,1,0.1,0.8,0.9,0.2,0.2,0,0,0.2,2.4
423,Jeremy Evans,SF,28,DAL,30,2,8.4,0.9,1.6,0.542,0.1,0.5,0.25,0.7,1.1,0.688,0.583,0.5,0.7,0.714,0.4,1.4,1.8,0.1,0.2,0.3,0.2,0.6,2.4
424,Tyler Hansbrough,PF,30,CHO,44,0,7.8,0.7,1.6,0.451,0,0.1,0.667,0.7,1.5,0.441,0.465,0.9,1.5,0.585,0.9,1.1,2,0.2,0.3,0.2,0.3,1.3,2.4
425,Sergey Karasev,SF,22,BRK,40,5,10,0.8,1.9,0.405,0.3,0.9,0.297,0.5,0.9,0.514,0.48,0.7,0.7,0.929,0.2,1.3,1.5,0.9,0.2,0.1,0.6,0.7,2.4
426,K.J. McDaniels,SF,22,HOU,37,1,6.4,0.8,1.9,0.403,0.2,0.7,0.28,0.6,1.3,0.468,0.451,0.6,0.8,0.8,0.4,0.7,1.1,0.3,0.2,0.2,0.5,0.8,2.4
427,Steve Novak,PF,32,TOT,10,0,4.4,0.8,1.8,0.444,0.7,1.5,0.467,0.1,0.3,0.333,0.639,0.1,0.1,1,0,0.5,0.5,0,0,0,0.1,0.3,2.4
428,Lamar Patterson,SG,24,ATL,35,0,11.3,0.8,2.3,0.35,0.3,1.4,0.245,0.5,0.9,0.516,0.425,0.5,0.6,0.727,0.1,1.3,1.4,1.1,0.3,0.1,0.7,1.3,2.4
429,Greg Smith,PF,25,MIN,18,0,10.7,1,1.8,0.563,0,0,,1,1.8,0.563,0.563,0.4,0.9,0.412,0.7,1.7,2.3,0.3,0.2,0.1,0.4,1.6,2.4
430,Damjan Rudez,SF,29,MIN,33,0,8.4,0.8,1.9,0.403,0.5,1.5,0.34,0.2,0.4,0.667,0.54,0.2,0.2,1,0.2,0.5,0.6,0.3,0.1,0,0.4,1,2.3
431,Walter Tavares,C,23,ATL,11,0,6.6,1,1.7,0.579,0,0,,1,1.7,0.579,0.579,0.3,0.7,0.375,0.6,1.3,1.9,0.3,0.1,0.5,0.5,0.7,2.3
432,Lucas Nogueira,C,23,TOR,29,1,7.8,1,1.5,0.636,0,0.1,0.333,0.9,1.4,0.659,0.648,0.3,0.5,0.533,0.6,1,1.6,0.2,0.4,0.4,0.4,1,2.2
433,DeJuan Blair,C,26,WAS,29,0,7.5,1,2.3,0.412,0,0,0,1,2.3,0.418,0.412,0.2,0.4,0.385,0.7,1.3,2,0.4,0.3,0.1,0.5,1.8,2.1
434,Nick Collison,PF,35,OKC,59,4,11.8,0.8,1.8,0.459,0,0,0,0.8,1.8,0.467,0.459,0.4,0.6,0.697,1.2,1.7,2.9,0.9,0.3,0.3,0.8,1.8,2.1
435,Chris Copeland,PF,31,MIL,24,1,6.5,0.7,2.1,0.333,0.4,1.5,0.278,0.3,0.6,0.467,0.431,0.3,0.3,0.857,0,0.4,0.4,0.5,0.1,0,0.3,0.7,2.1
436,Devyn Marble,SG,23,ORL,28,0,8.9,0.8,2.5,0.296,0.3,1.1,0.25,0.5,1.4,0.333,0.352,0.4,0.9,0.417,0.2,1.1,1.4,0.4,0.5,0,0.3,0.9,2.1
437,Coty Clarke,SF,23,BOS,3,0,2,0.7,1.3,0.5,0.7,0.7,1,0,0.7,0,0.75,0,0,,0,0.3,0.3,0,0,0,0.3,0,2
438,Chuck Hayes,C,32,HOU,2,0,12,0.5,1,0.5,0,0,,0.5,1,0.5,0.5,1,1,1,0,4,4,1,0,0,1.5,3,2
439,Tibor Pleiss,C,26,UTA,12,0,6.8,0.9,2.1,0.44,0,0.2,0,0.9,1.9,0.478,0.44,0.2,0.2,1,0.5,0.8,1.3,0.2,0.1,0.2,0.7,1.6,2
440,Cameron Bairstow,C,25,CHI,18,2,5.7,0.7,2.2,0.325,0.1,0.3,0.2,0.7,1.9,0.343,0.338,0.4,0.4,0.875,0.2,1.3,1.6,0.3,0.1,0.2,0.2,1.1,1.9
441,Lou Amundson,PF,33,NYK,29,0,7,0.7,1.8,0.358,0,0,,0.7,1.8,0.358,0.358,0.5,0.9,0.519,0.8,0.9,1.7,0.4,0.2,0.2,0.5,1.5,1.8
442,Jeff Ayres,C,28,LAC,17,0,6.3,0.7,1.4,0.522,0,0.1,0,0.7,1.3,0.545,0.522,0.4,0.4,1,0.2,1.1,1.3,0.3,0,0.2,0.4,1.1,1.8
443,Cleanthony Early,SF,24,NYK,17,2,9.1,0.7,2.4,0.3,0.2,0.9,0.267,0.5,1.5,0.32,0.35,0.2,0.2,0.75,0.2,1.3,1.5,0.4,0.1,0.2,0.5,0.9,1.8
444,Jorge Gutierrez,PG,27,CHO,12,0,5.3,0.5,0.9,0.545,0,0.2,0,0.5,0.8,0.667,0.545,0.8,0.9,0.909,0,0.6,0.6,1.4,0.3,0,0.5,0.3,1.8
445,Damien Inglis,SF,20,MIL,20,1,7.8,0.7,1.9,0.351,0.2,0.7,0.231,0.5,1.2,0.417,0.392,0.4,0.4,0.875,0.1,1.5,1.6,0.5,0.3,0.2,0.6,0.6,1.8
446,Kevon Looney,PF,19,GSW,5,0,4.2,0.8,1.4,0.571,0.2,0.4,0.5,0.6,1,0.6,0.643,0,0,,0.8,1.2,2,0,0,0,0.2,0.4,1.8
447,Elijah Millsap,SG,28,UTA,20,0,8.7,0.6,2,0.282,0.1,0.6,0.083,0.5,1.4,0.37,0.295,0.7,0.9,0.722,0.3,1.5,1.8,1,0.4,0.2,0.5,1.7,1.8
448,Terry Rozier,PG,21,BOS,39,0,8,0.7,2.7,0.274,0.2,0.7,0.222,0.6,2,0.291,0.302,0.2,0.3,0.8,0.6,1,1.6,0.9,0.2,0,0.5,0.6,1.8
449,Udonis Haslem,PF,35,MIA,37,0,7,0.6,1.6,0.377,0,0.2,0.111,0.6,1.4,0.423,0.385,0.3,0.4,0.75,0.3,1.8,2,0.4,0.1,0.1,0.1,0.7,1.6
450,Nazr Mohammed,C,38,OKC,5,0,3.8,0.6,1,0.6,0,0,,0.6,1,0.6,0.6,0.4,0.4,1,0.2,0.6,0.8,0,0,0,0.6,0.8,1.6
451,Shayne Whittington,PF,24,IND,7,0,5.9,0.7,1.6,0.455,0,0.3,0,0.7,1.3,0.556,0.455,0.1,0.3,0.5,0.7,1,1.7,0.4,0.1,0.1,0.7,1,1.6
452,Elliot Williams,PG,26,MEM,5,0,9,0.4,2,0.2,0.2,0.8,0.25,0.2,1.2,0.167,0.25,0.6,0.8,0.75,0.2,0.6,0.8,0.8,0,0,0.2,0.4,1.6
453,Anthony Bennett,PF,22,TOR,19,0,4.4,0.4,1.4,0.296,0.2,0.7,0.214,0.3,0.7,0.385,0.352,0.5,0.5,0.9,0.3,0.9,1.2,0,0.3,0,0.2,0.4,1.5
454,Jimmer Fredette,SG,26,TOT,6,0,3,0.3,0.8,0.4,0.2,0.3,0.5,0.2,0.5,0.333,0.5,0.7,0.8,0.8,0,0,0,0.2,0.2,0,0.3,0.3,1.5
455,Russ Smith,PG,24,MEM,15,0,4.4,0.5,1.5,0.318,0.1,0.3,0.2,0.4,1.1,0.353,0.341,0.5,0.9,0.615,0.1,0.5,0.6,0.7,0.3,0.1,0.5,0.3,1.5
456,Erick Green,PG,24,TOT,9,0,4.7,0.6,1.4,0.385,0.1,0.6,0.2,0.4,0.9,0.5,0.423,0.2,0.2,1,0.3,0.3,0.7,0.3,0.1,0,0,0.4,1.4
457,Cliff Alexander,PF,20,POR,8,0,4.5,0.6,1.3,0.5,0,0,,0.6,1.3,0.5,0.5,0,0,,0.3,0.5,0.8,0,0.1,0.3,0.1,0.1,1.3
458,Mitch McGary,PF,23,OKC,20,0,3.6,0.6,1.2,0.478,0,0.2,0,0.6,1,0.579,0.478,0.2,0.5,0.4,0.2,0.7,0.9,0.2,0.1,0.1,0.4,0.5,1.3
459,Jordan Mickey,PF,21,BOS,16,0,3.6,0.5,1.4,0.364,0,0,,0.5,1.4,0.364,0.364,0.3,0.6,0.5,0.4,0.4,0.8,0.1,0,0.7,0.1,0.3,1.3
460,Mike Miller,SF,35,DEN,47,2,7.9,0.5,1.3,0.355,0.4,1.1,0.365,0.1,0.2,0.3,0.508,0,0,,0.1,1,1.1,0.9,0.3,0.1,0.4,1.1,1.3
461,Keith Appling,PG,23,ORL,5,0,5.4,0.4,1.6,0.25,0,0.6,0,0.4,1,0.4,0.25,0.4,0.4,1,0,0.2,0.2,0.2,0.2,0,0.6,1,1.2
462,Luis Montero,SG,22,POR,12,0,3.5,0.4,1.6,0.263,0.1,0.8,0.111,0.3,0.8,0.4,0.289,0.3,0.3,0.75,0,0.3,0.3,0.1,0,0,0.3,0.1,1.2
463,Pat Connaughton,SG,23,POR,34,0,4.2,0.4,1.4,0.265,0.1,0.6,0.238,0.2,0.8,0.286,0.316,0.1,0.1,1,0.3,0.6,0.9,0.3,0.1,0,0.3,0.2,1.1
464,Bryce Cotton,PG,23,TOT,8,0,4.9,0.5,1.3,0.4,0,0.4,0,0.5,0.9,0.571,0.4,0,0,,0,0,0,0.4,0.4,0,0.6,0.3,1
465,Eric Moreland,PF,24,SAC,8,0,6,0.4,0.8,0.5,0,0,,0.4,0.8,0.5,0.5,0.3,0.5,0.5,0.4,1,1.4,0.1,0,0.5,0.4,0.5,1
466,Jarnell Stokes,C,22,TOT,7,0,2.6,0.4,0.7,0.6,0,0,,0.4,0.7,0.6,0.6,0.1,0.3,0.5,0.1,0.4,0.6,0.1,0.1,0,0,0.1,1
467,James Young,SG,20,BOS,29,0,6.9,0.4,1.2,0.306,0.2,0.9,0.231,0.2,0.3,0.5,0.389,0,0.1,0.25,0.1,0.8,0.9,0.3,0.2,0,0.2,0.6,1
468,Joel Anthony,C,33,DET,19,0,5.1,0.3,0.5,0.6,0,0,,0.3,0.5,0.6,0.6,0.3,0.4,0.75,0.4,0.7,1.1,0.1,0.1,0.6,0.1,0.8,0.9
469,Aaron Harrison,SG,21,CHO,21,0,4.4,0.2,0.9,0.263,0.1,0.5,0.3,0.1,0.4,0.222,0.342,0.2,0.6,0.417,0.2,0.5,0.7,0.1,0.3,0,0.2,0.5,0.9
470,Sasha Kaun,C,30,CLE,25,0,3.8,0.4,0.7,0.529,0,0,,0.4,0.7,0.529,0.529,0.2,0.4,0.455,0.5,0.6,1,0.1,0.2,0.2,0.3,0.4,0.9
471,Branden Dawson,PF,22,LAC,6,0,4.8,0.3,0.8,0.4,0,0,,0.3,0.8,0.4,0.4,0.2,0.2,1,0.3,0.3,0.7,0,0,0.2,0,0.3,0.8
472,Joe Harris,SG,24,CLE,5,0,3,0.2,0.8,0.25,0.2,0.8,0.25,0,0,,0.375,0,0,,0,0.6,0.6,0.4,0,0,0.2,0.2,0.6
473,Bruno Caboclo,SF,20,TOR,6,1,7.2,0.2,2,0.083,0.2,1.2,0.143,0,0.8,0,0.125,0,0,,0.2,0.2,0.3,0.2,0.3,0.2,0.7,0.3,0.5
474,Sam Dekker,SF,21,HOU,3,0,2,0,0,,0,0,,0,0,,,0,0,,0,0.3,0.3,0,0.3,0,0,0,0
475,J.J. O'Brien,SF,23,UTA,2,0,3,0,0.5,0,0,0,,0,0.5,0,0,0,0,,0,0.5,0.5,0,0.5,0,0,0.5,0
476,Nate Robinson,PG,31,NOP,2,1,11.5,0,0.5,0,0,0.5,0,0,0,,0,0,0,,0,0,0,2,0.5,0,0,2.5,0
